{
  "density_gap": 5,
  "density_name": "medium_gap5",
  "generated_h5ad": "generated_z_regularized.h5ad",
  "label_support_labels": [
    "15 HY Gnrh1 Glut"
  ],
  "lower_ref_slice": 34,
  "mean_corr": 0.9910017302271423,
  "median_gene_pearson": 0.17803466750979263,
  "median_gene_spearman": 0.1644575527762075,
  "moran_corr": 0.7513565342063995,
  "n_genes": 1122,
  "n_label_support_records": 1,
  "n_spots": 9533,
  "per_class_metrics_csv": "per_class_metrics_z_regularized.csv",
  "per_gene_metrics_csv": "per_gene_metrics_z_regularized.csv",
  "random_seed": 52032,
  "ref_z_gap": 0.4094656323114325,
  "target_slice": 36,
  "target_z": 2.760884455979676,
  "tau": 0.4996284082330883,
  "upper_ref_slice": 38,
  "var_corr": 0.9661355381839447,
  "z0": 2.55630379388176,
  "z1": 2.9657694261931926,
  "z_regularized": true,
  "zero_ks": 0.031194295900178252
}
