{
  "density_gap": 3,
  "density_name": "dense_gap3",
  "generated_h5ad": "generated_z_regularized.h5ad",
  "label_support_labels": [
    "01 IT-ET Glut"
  ],
  "lower_ref_slice": 22,
  "mean_corr": 0.9933951596258123,
  "median_gene_pearson": 0.11073313240215493,
  "median_gene_spearman": 0.1042571165221465,
  "moran_corr": 0.759207702520801,
  "n_genes": 1122,
  "n_label_support_records": 1,
  "n_spots": 8844,
  "per_class_metrics_csv": "per_class_metrics_z_regularized.csv",
  "per_gene_metrics_csv": "per_gene_metrics_z_regularized.csv",
  "random_seed": 32032,
  "ref_z_gap": 0.29862611104281767,
  "target_slice": 23,
  "target_z": 1.5048299989751572,
  "tau": 0.3202643048773214,
  "upper_ref_slice": 24,
  "var_corr": 0.9852808459494122,
  "z0": 1.4091907151038114,
  "z1": 1.707816826146629,
  "z_regularized": true,
  "zero_ks": 0.054367201426024955
}
