{
  "density_gap": 3,
  "density_name": "dense_gap3",
  "generated_h5ad": "generated_z_regularized.h5ad",
  "label_support_labels": [
    "01 IT-ET Glut",
    "10 LSX GABA",
    "25 Pineal Glut"
  ],
  "lower_ref_slice": 124,
  "mean_corr": 0.9554156319731758,
  "median_gene_pearson": 0.11889882858151127,
  "median_gene_spearman": 0.09694045815469683,
  "moran_corr": 0.7657644423966006,
  "n_genes": 1122,
  "n_label_support_records": 3,
  "n_spots": 20340,
  "per_class_metrics_csv": "per_class_metrics_z_regularized.csv",
  "per_gene_metrics_csv": "per_gene_metrics_z_regularized.csv",
  "random_seed": 32066,
  "ref_z_gap": 0.16086832087077063,
  "target_slice": 125,
  "target_z": 10.975185238505748,
  "tau": 0.4243354903501737,
  "upper_ref_slice": 126,
  "var_corr": 0.922696408956198,
  "z0": 10.90692310068724,
  "z1": 11.067791421558011,
  "z_regularized": true,
  "zero_ks": 0.24688057040998218
}
