{
  "density_gap": 5,
  "density_name": "medium_gap5",
  "generated_h5ad": "generated_z_regularized.h5ad",
  "label_support_labels": [],
  "lower_ref_slice": 93,
  "mean_corr": 0.953572290117734,
  "median_gene_pearson": 0.20462039759321685,
  "median_gene_spearman": 0.17365522360453328,
  "moran_corr": 0.8009403750361745,
  "n_genes": 1122,
  "n_label_support_records": 0,
  "n_spots": 28442,
  "per_class_metrics_csv": "per_class_metrics_z_regularized.csv",
  "per_gene_metrics_csv": "per_gene_metrics_z_regularized.csv",
  "random_seed": 52044,
  "ref_z_gap": 0.4417800150296749,
  "target_slice": 96,
  "target_z": 8.469022199413168,
  "tau": 0.6407637046618515,
  "upper_ref_slice": 98,
  "var_corr": 0.921417531186084,
  "z0": 8.185945600337185,
  "z1": 8.62772561536686,
  "z_regularized": true,
  "zero_ks": 0.23440285204991088
}
