{
  "density_gap": 5,
  "density_name": "medium_gap5",
  "generated_h5ad": "generated.h5ad",
  "label_support_labels": [],
  "lower_ref_slice": 4,
  "mean_corr": 0.9911285208209325,
  "median_gene_pearson": 0.10883771908302071,
  "median_gene_spearman": 0.10911701906088453,
  "moran_corr": 0.6689096341999835,
  "n_genes": 1122,
  "n_label_support_records": 0,
  "n_spots": 10442,
  "per_class_metrics_csv": "per_class_metrics.csv",
  "per_gene_metrics_csv": "per_gene_metrics.csv",
  "random_seed": 52026,
  "ref_z_gap": 0.39999700000000005,
  "target_slice": 6,
  "target_z": 0.2,
  "tau": 0.49999624997187475,
  "upper_ref_slice": 8,
  "var_corr": 0.9776531668427755,
  "z0": 3e-06,
  "z1": 0.4,
  "zero_ks": 0.057932263814616754
}
