{
  "density_gap": 5,
  "density_name": "medium_gap5",
  "generated_h5ad": "generated_z_regularized.h5ad",
  "label_support_labels": [
    "01 IT-ET Glut"
  ],
  "lower_ref_slice": 134,
  "mean_corr": 0.9873718695303034,
  "median_gene_pearson": 0.10132361855774316,
  "median_gene_spearman": 0.08716617333809319,
  "moran_corr": 0.6084960983144516,
  "n_genes": 1122,
  "n_label_support_records": 1,
  "n_spots": 14630,
  "per_class_metrics_csv": "per_class_metrics_z_regularized.csv",
  "per_gene_metrics_csv": "per_gene_metrics_z_regularized.csv",
  "random_seed": 52052,
  "ref_z_gap": 0.35032718941472396,
  "target_slice": 136,
  "target_z": 12.046132738254242,
  "tau": 0.503432887870086,
  "upper_ref_slice": 138,
  "var_corr": 0.9484152896037615,
  "z0": 11.869766509587777,
  "z1": 12.2200936990025,
  "z_regularized": true,
  "zero_ks": 0.09536541889483066
}
