{
  "density_gap": 3,
  "density_name": "dense_gap3",
  "generated_h5ad": "generated.h5ad",
  "label_support_labels": [
    "15 HY Gnrh1 Glut",
    "19 MB Glut",
    "20 MB GABA",
    "24 MY Glut"
  ],
  "lower_ref_slice": 10,
  "mean_corr": 0.9860243171886657,
  "median_gene_pearson": 0.09373821245417194,
  "median_gene_spearman": 0.09021379136559622,
  "moran_corr": 0.7546215862566662,
  "n_genes": 1122,
  "n_label_support_records": 4,
  "n_spots": 7644,
  "per_class_metrics_csv": "per_class_metrics.csv",
  "per_gene_metrics_csv": "per_gene_metrics.csv",
  "random_seed": 32028,
  "ref_z_gap": 0.13968198279378197,
  "target_slice": 11,
  "target_z": 0.6198209509757062,
  "tau": 0.4994584491438181,
  "upper_ref_slice": 12,
  "var_corr": 0.9568982042832346,
  "z0": 0.5500556044761904,
  "z1": 0.6897375872699724,
  "zero_ks": 0.0784313725490196
}
