{
  "density_gap": 3,
  "density_name": "dense_gap3",
  "generated_h5ad": "generated_z_regularized.h5ad",
  "label_support_labels": [],
  "lower_ref_slice": 127,
  "mean_corr": 0.952799763712627,
  "median_gene_pearson": 0.09313756705768333,
  "median_gene_spearman": 0.08357313623887985,
  "moran_corr": 0.7295762268833517,
  "n_genes": 1122,
  "n_label_support_records": 0,
  "n_spots": 17454,
  "per_class_metrics_csv": "per_class_metrics_z_regularized.csv",
  "per_gene_metrics_csv": "per_gene_metrics_z_regularized.csv",
  "random_seed": 32067,
  "ref_z_gap": 0.18859124193417287,
  "target_slice": 128,
  "target_z": 11.240226239367429,
  "tau": 0.45637404188764696,
  "upper_ref_slice": 129,
  "var_corr": 0.9449688484536749,
  "z0": 11.15415809202132,
  "z1": 11.342749333955492,
  "z_regularized": true,
  "zero_ks": 0.1319073083778966
}
