{
  "density_gap": 10,
  "density_name": "sparse_gap10",
  "generated_h5ad": "generated_z_regularized.h5ad",
  "label_support_labels": [
    "23 P Glut"
  ],
  "lower_ref_slice": 71,
  "mean_corr": 0.9732330840288692,
  "median_gene_pearson": 0.11553993571119511,
  "median_gene_spearman": 0.10709952053564087,
  "moran_corr": 0.7856176399161376,
  "n_genes": 1122,
  "n_label_support_records": 1,
  "n_spots": 27848,
  "per_class_metrics_csv": "per_class_metrics_z_regularized.csv",
  "per_gene_metrics_csv": "per_gene_metrics_z_regularized.csv",
  "random_seed": 102033,
  "ref_z_gap": 0.7773914653218696,
  "target_slice": 76,
  "target_z": 6.418447464831936,
  "tau": 0.4041668330116522,
  "upper_ref_slice": 81,
  "var_corr": 0.9786385722919632,
  "z0": 6.104251618282508,
  "z1": 6.881643083604378,
  "z_regularized": true,
  "zero_ks": 0.23083778966131907
}
