{
  "density_gap": 3,
  "density_name": "dense_gap3",
  "generated_h5ad": "generated.h5ad",
  "label_support_labels": [
    "29 CB Glut"
  ],
  "lower_ref_slice": 52,
  "mean_corr": 0.9832721827635085,
  "median_gene_pearson": 0.19060649334930319,
  "median_gene_spearman": 0.16376540026036712,
  "moran_corr": 0.8026283205632536,
  "n_genes": 1122,
  "n_label_support_records": 1,
  "n_spots": 24776,
  "per_class_metrics_csv": "per_class_metrics.csv",
  "per_gene_metrics_csv": "per_gene_metrics.csv",
  "random_seed": 32042,
  "ref_z_gap": 0.20593179123750893,
  "target_slice": 53,
  "target_z": 4.479026015191546,
  "tau": 0.49807431468557195,
  "upper_ref_slice": 54,
  "var_corr": 0.9811282228649162,
  "z0": 4.376456679398951,
  "z1": 4.58238847063646,
  "zero_ks": 0.09803921568627451
}
