{
  "density_gap": 10,
  "density_name": "sparse_gap10",
  "generated_h5ad": "generated_z_regularized.h5ad",
  "label_support_labels": [
    "19 MB Glut",
    "25 Pineal Glut"
  ],
  "lower_ref_slice": 41,
  "mean_corr": 0.9523715883578964,
  "median_gene_pearson": 0.1307332877330109,
  "median_gene_spearman": 0.1190467182087715,
  "moran_corr": 0.7461799072000062,
  "n_genes": 1122,
  "n_label_support_records": 2,
  "n_spots": 21795,
  "per_class_metrics_csv": "per_class_metrics_z_regularized.csv",
  "per_gene_metrics_csv": "per_gene_metrics_z_regularized.csv",
  "random_seed": 102030,
  "ref_z_gap": 0.981871658635368,
  "target_slice": 46,
  "target_z": 3.7842382240187393,
  "tau": 0.4984690036665282,
  "upper_ref_slice": 51,
  "var_corr": 0.6861201014481633,
  "z0": 3.294805636610366,
  "z1": 4.276677295245734,
  "z_regularized": true,
  "zero_ks": 0.18538324420677363
}
