{
  "density_gap": 10,
  "density_name": "sparse_gap10",
  "generated_h5ad": "generated.h5ad",
  "label_support_labels": [
    "09 CNU-LGE GABA",
    "10 LSX GABA"
  ],
  "lower_ref_slice": 111,
  "mean_corr": 0.9805178209113877,
  "median_gene_pearson": 0.07689484664231047,
  "median_gene_spearman": 0.07420067524393771,
  "moran_corr": 0.6917799218500369,
  "n_genes": 1122,
  "n_label_support_records": 2,
  "n_spots": 19003,
  "per_class_metrics_csv": "per_class_metrics.csv",
  "per_gene_metrics_csv": "per_gene_metrics.csv",
  "random_seed": 102037,
  "ref_z_gap": 0.8548286496096047,
  "target_slice": 116,
  "target_z": 10.354266571312971,
  "tau": 0.5926219760859955,
  "upper_ref_slice": 121,
  "var_corr": 0.9490242151255934,
  "z0": 9.847676327766404,
  "z1": 10.702504977376009,
  "zero_ks": 0.24688057040998218
}
