{
  "density_gap": 3,
  "density_name": "dense_gap3",
  "generated_h5ad": "generated.h5ad",
  "label_support_labels": [
    "04 DG-IMN Glut",
    "32 OEC"
  ],
  "lower_ref_slice": 40,
  "mean_corr": 0.9625023747090085,
  "median_gene_pearson": 0.17478010529875987,
  "median_gene_spearman": 0.14991782016239194,
  "moran_corr": 0.7084882758157024,
  "n_genes": 1122,
  "n_label_support_records": 2,
  "n_spots": 12473,
  "per_class_metrics_csv": "per_class_metrics.csv",
  "per_gene_metrics_csv": "per_gene_metrics.csv",
  "random_seed": 32038,
  "ref_z_gap": 0.2009653852358526,
  "target_slice": 41,
  "target_z": 3.294805636610366,
  "tau": 0.5062680375289179,
  "upper_ref_slice": 42,
  "var_corr": 0.8910035868951227,
  "z0": 3.193063285415768,
  "z1": 3.3940286706516205,
  "zero_ks": 0.0374331550802139
}
