{
  "real_split_half_z_coherence_by_class": {
    "01 IT-ET Glut": 0.8990084712395363,
    "02 NP-CT-L6b Glut": 0.3818133475958854,
    "03 OB-CR Glut": 0.3186457509698614,
    "04 DG-IMN Glut": 0.43239326595704064,
    "05 OB-IMN GABA": 0.4382265458039514,
    "06 CTX-CGE GABA": 0.311823845274133,
    "07 CTX-MGE GABA": 0.6342784039174414,
    "08 CNU-MGE GABA": 0.18944003066318466,
    "09 CNU-LGE GABA": 0.30544465694785305,
    "10 LSX GABA": 0.20872986652568076,
    "11 CNU-HYa GABA": 0.22999290308576908,
    "12 HY GABA": 0.10375623086423479,
    "13 CNU-HYa Glut": 0.23988985683288905,
    "14 HY Glut": 0.4812267926885533,
    "15 HY Gnrh1 Glut": -0.16666666666666663,
    "16 HY MM Glut": 0.9557607324192051,
    "17 MH-LH Glut": 0.5893111198440883,
    "18 TH Glut": 0.7137229471383986,
    "19 MB Glut": 0.6384841559123302,
    "20 MB GABA": 0.24239435527925124,
    "21 MB Dopa": 0.35603232458392886,
    "22 MB-HB Sero": 0.2941155714864695,
    "23 P Glut": 0.5172417991871932,
    "24 MY Glut": 0.3490636344524489,
    "25 Pineal Glut": -0.08263808639554038,
    "26 P GABA": 0.6523505756512031,
    "27 MY GABA": 0.45564385361125015,
    "28 CB GABA": 0.7280048283502285,
    "29 CB Glut": 0.33229109533387885,
    "30 Astro-Epen": 0.9123145799034422,
    "31 OPC-Oligo": 0.8587333137915077,
    "32 OEC": 0.6020807858222191,
    "33 Vascular": 0.9093616442852577,
    "34 Immune": 0.7323184617744027
  },
  "real_split_half_z_coherence_mean": 0.4489034008631918,
  "real_split_half_z_coherence_median": 0.5179942171021159,
  "real_split_half_z_coherence_n_pairs": 36915
}
