{
  "density_gap": 3,
  "density_name": "dense_gap3",
  "mean_corr_mean": 0.9623331762407269,
  "mean_corr_median": 0.9703575367070649,
  "median_gene_pearson_mean": 0.15020809950717706,
  "median_gene_pearson_median": 0.1470842592995773,
  "median_gene_spearman_mean": 0.1315176801783469,
  "median_gene_spearman_median": 0.13854680805109693,
  "moran_corr_mean": 0.7604162939449924,
  "moran_corr_median": 0.7622188192615189,
  "n_references": 95,
  "n_targets": 49,
  "normalized_z_coherence": 0.4070092907531109,
  "radius": 1,
  "real_split_half_z_coherence_by_class": {
    "01 IT-ET Glut": 0.8990084712395363,
    "02 NP-CT-L6b Glut": 0.3818133475958854,
    "03 OB-CR Glut": 0.3186457509698614,
    "04 DG-IMN Glut": 0.43239326595704064,
    "05 OB-IMN GABA": 0.4382265458039514,
    "06 CTX-CGE GABA": 0.311823845274133,
    "07 CTX-MGE GABA": 0.6342784039174414,
    "08 CNU-MGE GABA": 0.18944003066318466,
    "09 CNU-LGE GABA": 0.30544465694785305,
    "10 LSX GABA": 0.20872986652568076,
    "11 CNU-HYa GABA": 0.22999290308576908,
    "12 HY GABA": 0.10375623086423479,
    "13 CNU-HYa Glut": 0.23988985683288905,
    "14 HY Glut": 0.4812267926885533,
    "15 HY Gnrh1 Glut": -0.16666666666666663,
    "16 HY MM Glut": 0.9557607324192051,
    "17 MH-LH Glut": 0.5893111198440883,
    "18 TH Glut": 0.7137229471383986,
    "19 MB Glut": 0.6384841559123302,
    "20 MB GABA": 0.24239435527925124,
    "21 MB Dopa": 0.35603232458392886,
    "22 MB-HB Sero": 0.2941155714864695,
    "23 P Glut": 0.5172417991871932,
    "24 MY Glut": 0.3490636344524489,
    "25 Pineal Glut": -0.08263808639554038,
    "26 P GABA": 0.6523505756512031,
    "27 MY GABA": 0.45564385361125015,
    "28 CB GABA": 0.7280048283502285,
    "29 CB Glut": 0.33229109533387885,
    "30 Astro-Epen": 0.9123145799034422,
    "31 OPC-Oligo": 0.8587333137915077,
    "32 OEC": 0.6020807858222191,
    "33 Vascular": 0.9093616442852577,
    "34 Immune": 0.7323184617744027
  },
  "real_split_half_z_coherence_mean": 0.4489034008631918,
  "real_split_half_z_coherence_median": 0.5179942171021159,
  "real_split_half_z_coherence_n_pairs": 36915,
  "ref_z_gap_max": 0.29862611104281767,
  "ref_z_gap_min": 0.10889970056024811,
  "references": [
    4,
    6,
    7,
    9,
    10,
    12,
    13,
    15,
    16,
    18,
    19,
    21,
    22,
    24,
    25,
    27,
    28,
    30,
    31,
    33,
    34,
    36,
    37,
    39,
    40,
    42,
    43,
    45,
    46,
    48,
    49,
    51,
    52,
    54,
    55,
    57,
    58,
    60,
    61,
    63,
    64,
    66,
    67,
    69,
    70,
    72,
    73,
    76,
    78,
    79,
    81,
    82,
    84,
    85,
    87,
    88,
    90,
    91,
    93,
    96,
    97,
    99,
    100,
    102,
    103,
    105,
    106,
    108,
    109,
    111,
    114,
    115,
    117,
    118,
    120,
    121,
    123,
    124,
    126,
    127,
    129,
    130,
    132,
    133,
    135,
    136,
    138,
    139,
    141,
    142,
    144,
    145,
    147,
    148,
    150
  ],
  "target_slices": [
    5,
    8,
    11,
    14,
    17,
    20,
    23,
    26,
    29,
    32,
    35,
    38,
    41,
    44,
    47,
    50,
    53,
    56,
    59,
    62,
    65,
    68,
    71,
    74,
    77,
    80,
    83,
    86,
    89,
    92,
    95,
    98,
    101,
    104,
    107,
    110,
    113,
    116,
    119,
    122,
    125,
    128,
    131,
    134,
    137,
    140,
    143,
    146,
    149
  ],
  "target_start": 5,
  "tau_mean": 0.49539504629401443,
  "var_corr_mean": 0.9334766252976047,
  "var_corr_median": 0.9449083703744057,
  "z_coherence_by_class": {
    "01 IT-ET Glut": 0.29892309242569265,
    "02 NP-CT-L6b Glut": 0.29775833376464333,
    "03 OB-CR Glut": 0.343353138946264,
    "04 DG-IMN Glut": 0.13306543726263378,
    "05 OB-IMN GABA": 0.35317038800685274,
    "06 CTX-CGE GABA": 0.14742795521449834,
    "07 CTX-MGE GABA": 0.1858030667999262,
    "08 CNU-MGE GABA": 0.17293925051461317,
    "09 CNU-LGE GABA": 0.20366658895634507,
    "10 LSX GABA": 0.18149735316921578,
    "11 CNU-HYa GABA": 0.11960970233574104,
    "12 HY GABA": 0.05173971785430642,
    "13 CNU-HYa Glut": 0.18859563379792588,
    "14 HY Glut": 0.0592575794594291,
    "15 HY Gnrh1 Glut": -0.09090909090909091,
    "16 HY MM Glut": 0.779112597598447,
    "17 MH-LH Glut": -0.06062864439649933,
    "18 TH Glut": 0.3265133107029738,
    "19 MB Glut": 0.23894730173854567,
    "20 MB GABA": 0.05159496120380021,
    "21 MB Dopa": 0.03623123079210307,
    "22 MB-HB Sero": 0.2089501644565893,
    "23 P Glut": 0.24826958536408494,
    "24 MY Glut": 0.15311606247284842,
    "25 Pineal Glut": -0.060043624089997145,
    "26 P GABA": 0.3041933952791358,
    "27 MY GABA": 0.15902261150871985,
    "28 CB GABA": 0.354312947804991,
    "29 CB Glut": 0.0016488678299669867,
    "30 Astro-Epen": 0.41391308275572103,
    "31 OPC-Oligo": 0.33856464364548117,
    "32 OEC": 0.4872818699392612,
    "33 Vascular": 0.2553063373958755,
    "34 Immune": 0.2814509347858202
  },
  "z_coherence_mean": 0.2366741103047419,
  "z_coherence_median": 0.21082845891694513,
  "z_coherence_n_pairs": 36861,
  "z_regularized_mean_corr_mean": 0.9626177651923452,
  "z_regularized_mean_corr_median": 0.9703920951261256,
  "z_regularized_median_gene_pearson_mean": 0.1501528012942742,
  "z_regularized_median_gene_pearson_median": 0.1474280332969159,
  "z_regularized_median_gene_spearman_mean": 0.13154926805396375,
  "z_regularized_median_gene_spearman_median": 0.13855323887388915,
  "z_regularized_moran_corr_mean": 0.7609545193832825,
  "z_regularized_moran_corr_median": 0.7637100411158364,
  "z_regularized_normalized_z_coherence": 0.45293277132341775,
  "z_regularized_var_corr_mean": 0.934789090078805,
  "z_regularized_var_corr_median": 0.9449688484536749,
  "z_regularized_z_coherence_by_class": {
    "01 IT-ET Glut": 0.31103678296734805,
    "02 NP-CT-L6b Glut": 0.30532716967051693,
    "03 OB-CR Glut": 0.3495498949518696,
    "04 DG-IMN Glut": 0.16476070384610025,
    "05 OB-IMN GABA": 0.38651970238852984,
    "06 CTX-CGE GABA": 0.16340485899626708,
    "07 CTX-MGE GABA": 0.17252919939789746,
    "08 CNU-MGE GABA": 0.17315684998125186,
    "09 CNU-LGE GABA": 0.21207167250728265,
    "10 LSX GABA": 0.20314344653669586,
    "11 CNU-HYa GABA": 0.1729240305498112,
    "12 HY GABA": 0.09599089218521635,
    "13 CNU-HYa Glut": 0.19389847755407968,
    "14 HY Glut": 0.14934468359016947,
    "15 HY Gnrh1 Glut": -0.12666009927622468,
    "16 HY MM Glut": 0.7815821215113476,
    "17 MH-LH Glut": -0.06366465198424864,
    "18 TH Glut": 0.3770169714354853,
    "19 MB Glut": 0.24108311508829688,
    "20 MB GABA": 0.08980200414043252,
    "21 MB Dopa": 0.036133047496010845,
    "22 MB-HB Sero": 0.17093950880491815,
    "23 P Glut": 0.2754538782111763,
    "24 MY Glut": 0.19465291806349933,
    "25 Pineal Glut": -0.0011808273325160676,
    "26 P GABA": 0.32614665914040786,
    "27 MY GABA": 0.22109237052143987,
    "28 CB GABA": 0.3806925579429451,
    "29 CB Glut": 0.11478131266332259,
    "30 Astro-Epen": 0.4161869843265732,
    "31 OPC-Oligo": 0.34012301999173133,
    "32 OEC": 0.48088226840838755,
    "33 Vascular": 0.2547016067467386,
    "34 Immune": 0.28527950600999424
  },
  "z_regularized_z_coherence_mean": 0.24898451328523316,
  "z_regularized_z_coherence_median": 0.23461655628156547,
  "z_regularized_z_coherence_n_pairs": 36803,
  "z_regularized_zero_ks_mean": 0.1401469678780603,
  "z_regularized_zero_ks_median": 0.13101604278074866,
  "zero_ks_mean": 0.14012877878424096,
  "zero_ks_median": 0.1319073083778966
}
