{
  "real_split_half_z_coherence_by_class": {
    "01 IT-ET Glut": 0.9096265694999984,
    "02 NP-CT-L6b Glut": 0.5928906311968019,
    "03 OB-CR Glut": 0.3564174322368552,
    "04 DG-IMN Glut": 0.753815307662118,
    "05 OB-IMN GABA": 0.49037271444211333,
    "06 CTX-CGE GABA": 0.5057340263401711,
    "07 CTX-MGE GABA": 0.6078561930210582,
    "08 CNU-MGE GABA": 0.1394412571821201,
    "09 CNU-LGE GABA": 0.6807081940644029,
    "10 LSX GABA": 0.7006751707370746,
    "11 CNU-HYa GABA": 0.28554722128876303,
    "12 HY GABA": 0.5745228364343887,
    "13 CNU-HYa Glut": 0.2900818758604533,
    "14 HY Glut": 0.8791972660446368,
    "15 HY Gnrh1 Glut": -0.02748248549646565,
    "18 TH Glut": 0.9055561825478176,
    "19 MB Glut": 0.7640896154650426,
    "20 MB GABA": 0.7872688602700937,
    "22 MB-HB Sero": 0.4579571332025661,
    "23 P Glut": 0.6818276102982261,
    "24 MY Glut": 0.5437890729614804,
    "26 P GABA": 0.7714775077040776,
    "27 MY GABA": 0.6467868203903857,
    "28 CB GABA": 0.7651115048619241,
    "29 CB Glut": 0.7508666060837716,
    "30 Astro-Epen": 0.912742227084182,
    "31 OPC-Oligo": 0.8360663089202673,
    "32 OEC": 0.7848581275683416,
    "33 Vascular": 0.8916533668398561,
    "34 Immune": 0.671940700773405
  },
  "real_split_half_z_coherence_mean": 0.4893766283673666,
  "real_split_half_z_coherence_median": 0.6902192516847692,
  "real_split_half_z_coherence_n_pairs": 32706
}
