{
  "density_gap": 10,
  "density_name": "sparse_gap10",
  "mean_corr_mean": 0.9643404261962883,
  "mean_corr_median": 0.9612412638084349,
  "median_gene_pearson_mean": 0.10203900243788525,
  "median_gene_pearson_median": 0.10579586254806919,
  "median_gene_spearman_mean": 0.09580166818930577,
  "median_gene_spearman_median": 0.10196208887790939,
  "moran_corr_mean": 0.7292177514682032,
  "moran_corr_median": 0.7410507461792686,
  "n_references": 16,
  "n_targets": 15,
  "normalized_z_coherence": 0.6546204944207694,
  "radius": 5,
  "real_split_half_z_coherence_by_class": {
    "01 IT-ET Glut": 0.9096265694999984,
    "02 NP-CT-L6b Glut": 0.5928906311968019,
    "03 OB-CR Glut": 0.3564174322368552,
    "04 DG-IMN Glut": 0.753815307662118,
    "05 OB-IMN GABA": 0.49037271444211333,
    "06 CTX-CGE GABA": 0.5057340263401711,
    "07 CTX-MGE GABA": 0.6078561930210582,
    "08 CNU-MGE GABA": 0.1394412571821201,
    "09 CNU-LGE GABA": 0.6807081940644029,
    "10 LSX GABA": 0.7006751707370746,
    "11 CNU-HYa GABA": 0.28554722128876303,
    "12 HY GABA": 0.5745228364343887,
    "13 CNU-HYa Glut": 0.2900818758604533,
    "14 HY Glut": 0.8791972660446368,
    "15 HY Gnrh1 Glut": -0.02748248549646565,
    "18 TH Glut": 0.9055561825478176,
    "19 MB Glut": 0.7640896154650426,
    "20 MB GABA": 0.7872688602700937,
    "22 MB-HB Sero": 0.4579571332025661,
    "23 P Glut": 0.6818276102982261,
    "24 MY Glut": 0.5437890729614804,
    "26 P GABA": 0.7714775077040776,
    "27 MY GABA": 0.6467868203903857,
    "28 CB GABA": 0.7651115048619241,
    "29 CB Glut": 0.7508666060837716,
    "30 Astro-Epen": 0.912742227084182,
    "31 OPC-Oligo": 0.8360663089202673,
    "32 OEC": 0.7848581275683416,
    "33 Vascular": 0.8916533668398561,
    "34 Immune": 0.671940700773405
  },
  "real_split_half_z_coherence_mean": 0.4893766283673666,
  "real_split_half_z_coherence_median": 0.6902192516847692,
  "real_split_half_z_coherence_n_pairs": 32706,
  "ref_z_gap_max": 1.126462894492538,
  "ref_z_gap_min": 0.6198209509757062,
  "references": [
    1,
    11,
    21,
    31,
    41,
    51,
    61,
    71,
    81,
    91,
    101,
    111,
    121,
    131,
    141,
    150
  ],
  "target_slices": [
    6,
    16,
    26,
    36,
    46,
    56,
    66,
    76,
    86,
    96,
    106,
    116,
    126,
    136,
    146
  ],
  "target_start": 6,
  "tau_mean": 0.503146594068364,
  "var_corr_mean": 0.9210807772668843,
  "var_corr_median": 0.9392640881599149,
  "z_coherence_by_class": {
    "01 IT-ET Glut": 0.6090808205738826,
    "02 NP-CT-L6b Glut": 0.46674241049483406,
    "03 OB-CR Glut": 0.4482728996686819,
    "04 DG-IMN Glut": 0.4669333041760305,
    "05 OB-IMN GABA": 0.4914512402240229,
    "06 CTX-CGE GABA": 0.3287913705706681,
    "07 CTX-MGE GABA": 0.4997942702384818,
    "08 CNU-MGE GABA": 0.25860851328200096,
    "09 CNU-LGE GABA": 0.35175311466971537,
    "10 LSX GABA": 0.2894050338338678,
    "11 CNU-HYa GABA": 0.25541394490894204,
    "12 HY GABA": 0.3277630997363423,
    "13 CNU-HYa Glut": 0.23564373757490464,
    "14 HY Glut": 0.5465018560359881,
    "15 HY Gnrh1 Glut": -0.012488634208162819,
    "18 TH Glut": 0.420228662664436,
    "19 MB Glut": 0.42648898335368646,
    "20 MB GABA": 0.5386451476762824,
    "22 MB-HB Sero": 0.49953657251267614,
    "23 P Glut": 0.42751576146576015,
    "24 MY Glut": 0.27333276000856654,
    "26 P GABA": 0.2645117170832543,
    "27 MY GABA": 0.5707907998486056,
    "28 CB GABA": 0.4945821292133854,
    "29 CB Glut": 0.640605080974373,
    "30 Astro-Epen": 0.6115586738316454,
    "31 OPC-Oligo": 0.5714936637224244,
    "32 OEC": 0.7496817404287475,
    "33 Vascular": 0.5142875115214116,
    "34 Immune": 0.4819500214585157
  },
  "z_coherence_mean": 0.36996597318440916,
  "z_coherence_median": 0.45183166779661704,
  "z_coherence_n_pairs": 32201,
  "z_regularized_mean_corr_mean": 0.9643402335948095,
  "z_regularized_mean_corr_median": 0.9612372814521858,
  "z_regularized_median_gene_pearson_mean": 0.1020443810950087,
  "z_regularized_median_gene_pearson_median": 0.10587458385247592,
  "z_regularized_median_gene_spearman_mean": 0.09580018737699009,
  "z_regularized_median_gene_spearman_median": 0.10196208887790939,
  "z_regularized_moran_corr_mean": 0.7292365909646972,
  "z_regularized_moran_corr_median": 0.7410442940649173,
  "z_regularized_normalized_z_coherence": 0.6331389637408393,
  "z_regularized_var_corr_mean": 0.9210599255986017,
  "z_regularized_var_corr_median": 0.939263397116008,
  "z_regularized_z_coherence_by_class": {
    "01 IT-ET Glut": 0.5821519496295883,
    "02 NP-CT-L6b Glut": 0.4667424104948322,
    "03 OB-CR Glut": 0.4482728996686821,
    "04 DG-IMN Glut": 0.49254690782846355,
    "05 OB-IMN GABA": 0.4914512402240241,
    "06 CTX-CGE GABA": 0.32879137057066776,
    "07 CTX-MGE GABA": 0.416955959546933,
    "08 CNU-MGE GABA": 0.258608513282001,
    "09 CNU-LGE GABA": 0.39948460366212046,
    "10 LSX GABA": 0.2785534866319239,
    "11 CNU-HYa GABA": 0.2554139449089422,
    "12 HY GABA": 0.3279191853669102,
    "13 CNU-HYa Glut": 0.20222156307296915,
    "14 HY Glut": 0.4621746812245704,
    "15 HY Gnrh1 Glut": 0.07536684909250449,
    "18 TH Glut": 0.4202286626644355,
    "19 MB Glut": 0.3798446564024849,
    "20 MB GABA": 0.49905605763480243,
    "22 MB-HB Sero": 0.420033780128915,
    "23 P Glut": 0.3989727518000218,
    "24 MY Glut": 0.26774488083249515,
    "26 P GABA": 0.34592858829036943,
    "27 MY GABA": 0.5083231639736081,
    "28 CB GABA": 0.4772344869613102,
    "29 CB Glut": 0.5830026427785812,
    "30 Astro-Epen": 0.6115586738316452,
    "31 OPC-Oligo": 0.5714936637224244,
    "32 OEC": 0.7440291296066103,
    "33 Vascular": 0.5142875115214098,
    "34 Immune": 0.48195002145851495
  },
  "z_regularized_z_coherence_mean": 0.3598051509764797,
  "z_regularized_z_coherence_median": 0.4370047017656723,
  "z_regularized_z_coherence_n_pairs": 32195,
  "z_regularized_zero_ks_mean": 0.18568033273915627,
  "z_regularized_zero_ks_median": 0.1800356506238859,
  "zero_ks_mean": 0.18556149732620322,
  "zero_ks_median": 0.1800356506238859
}
