{
  "density_gap": 5,
  "density_name": "medium_gap5",
  "generated_h5ad": "generated.h5ad",
  "label_support_labels": [
    "09 CNU-LGE GABA"
  ],
  "lower_ref_slice": 114,
  "mean_corr": 0.9751162404125082,
  "median_gene_pearson": 0.13697281982656603,
  "median_gene_spearman": 0.11840322458987211,
  "moran_corr": 0.747670618922558,
  "n_genes": 1122,
  "n_label_support_records": 1,
  "n_spots": 19003,
  "per_class_metrics_csv": "per_class_metrics.csv",
  "per_gene_metrics_csv": "per_gene_metrics.csv",
  "random_seed": 52048,
  "ref_z_gap": 0.35496393746369215,
  "target_slice": 116,
  "target_z": 10.354266571312971,
  "tau": 0.6032824780213948,
  "upper_ref_slice": 118,
  "var_corr": 0.9589018843665879,
  "z0": 10.140123047511644,
  "z1": 10.495086984975336,
  "zero_ks": 0.17736185383244207
}
