{
  "real_split_half_z_coherence_by_class": {
    "01 IT-ET Glut": 0.9245613546872002,
    "02 NP-CT-L6b Glut": 0.37133884376679493,
    "03 OB-CR Glut": 0.2947069533853731,
    "04 DG-IMN Glut": 0.5133596059681107,
    "05 OB-IMN GABA": 0.46498982703778224,
    "06 CTX-CGE GABA": 0.40508428685584397,
    "07 CTX-MGE GABA": 0.6053999112525108,
    "08 CNU-MGE GABA": 0.15309843020303388,
    "09 CNU-LGE GABA": 0.43277276236331574,
    "10 LSX GABA": 0.4434157079349822,
    "11 CNU-HYa GABA": 0.2132975464885355,
    "12 HY GABA": 0.24736240767907103,
    "13 CNU-HYa Glut": 0.2555319013394258,
    "14 HY Glut": 0.649916991554138,
    "15 HY Gnrh1 Glut": -0.14053628855555467,
    "17 MH-LH Glut": 0.4621308688598201,
    "18 TH Glut": 0.8064746012836219,
    "19 MB Glut": 0.46977484969782657,
    "20 MB GABA": 0.5770470228490976,
    "21 MB Dopa": 0.6394616191751195,
    "22 MB-HB Sero": 0.2804485847310577,
    "23 P Glut": 0.6334774516764565,
    "24 MY Glut": 0.4988350627532271,
    "25 Pineal Glut": 0.9860322781180391,
    "26 P GABA": 0.6662201632799337,
    "27 MY GABA": 0.600644278568687,
    "28 CB GABA": 0.8304209876782166,
    "29 CB Glut": 0.26508785757608594,
    "30 Astro-Epen": 0.9101641049084838,
    "31 OPC-Oligo": 0.8312572638630805,
    "32 OEC": 0.6073101959430034,
    "33 Vascular": 0.8966134741621593,
    "34 Immune": 0.7023519138287726
  },
  "real_split_half_z_coherence_mean": 0.4646020371106372,
  "real_split_half_z_coherence_median": 0.5841456965160517,
  "real_split_half_z_coherence_n_pairs": 35519
}
