{
  "density_gap": 5,
  "density_name": "medium_gap5",
  "mean_corr_mean": 0.9626134284796403,
  "mean_corr_median": 0.9693557048575198,
  "median_gene_pearson_mean": 0.13965189008742393,
  "median_gene_pearson_median": 0.13972813450820454,
  "median_gene_spearman_mean": 0.12485144981978877,
  "median_gene_spearman_median": 0.13251760110080568,
  "moran_corr_mean": 0.7467758365297688,
  "moran_corr_median": 0.7506040486344738,
  "n_references": 57,
  "n_targets": 29,
  "normalized_z_coherence": 0.5896010734710609,
  "radius": 2,
  "real_split_half_z_coherence_by_class": {
    "01 IT-ET Glut": 0.9245613546872002,
    "02 NP-CT-L6b Glut": 0.37133884376679493,
    "03 OB-CR Glut": 0.2947069533853731,
    "04 DG-IMN Glut": 0.5133596059681107,
    "05 OB-IMN GABA": 0.46498982703778224,
    "06 CTX-CGE GABA": 0.40508428685584397,
    "07 CTX-MGE GABA": 0.6053999112525108,
    "08 CNU-MGE GABA": 0.15309843020303388,
    "09 CNU-LGE GABA": 0.43277276236331574,
    "10 LSX GABA": 0.4434157079349822,
    "11 CNU-HYa GABA": 0.2132975464885355,
    "12 HY GABA": 0.24736240767907103,
    "13 CNU-HYa Glut": 0.2555319013394258,
    "14 HY Glut": 0.649916991554138,
    "15 HY Gnrh1 Glut": -0.14053628855555467,
    "17 MH-LH Glut": 0.4621308688598201,
    "18 TH Glut": 0.8064746012836219,
    "19 MB Glut": 0.46977484969782657,
    "20 MB GABA": 0.5770470228490976,
    "21 MB Dopa": 0.6394616191751195,
    "22 MB-HB Sero": 0.2804485847310577,
    "23 P Glut": 0.6334774516764565,
    "24 MY Glut": 0.4988350627532271,
    "25 Pineal Glut": 0.9860322781180391,
    "26 P GABA": 0.6662201632799337,
    "27 MY GABA": 0.600644278568687,
    "28 CB GABA": 0.8304209876782166,
    "29 CB Glut": 0.26508785757608594,
    "30 Astro-Epen": 0.9101641049084838,
    "31 OPC-Oligo": 0.8312572638630805,
    "32 OEC": 0.6073101959430034,
    "33 Vascular": 0.8966134741621593,
    "34 Immune": 0.7023519138287726
  },
  "real_split_half_z_coherence_mean": 0.4646020371106372,
  "real_split_half_z_coherence_median": 0.5841456965160517,
  "real_split_half_z_coherence_n_pairs": 35519,
  "ref_z_gap_max": 0.464273628216886,
  "ref_z_gap_min": 0.21801091675095918,
  "references": [
    4,
    8,
    9,
    13,
    14,
    18,
    19,
    23,
    24,
    28,
    29,
    33,
    34,
    38,
    39,
    43,
    44,
    48,
    49,
    53,
    54,
    58,
    59,
    63,
    64,
    68,
    69,
    73,
    74,
    78,
    79,
    83,
    84,
    88,
    89,
    93,
    98,
    99,
    103,
    104,
    108,
    109,
    113,
    114,
    118,
    119,
    123,
    124,
    128,
    129,
    133,
    134,
    138,
    139,
    143,
    144,
    148
  ],
  "target_slices": [
    6,
    11,
    16,
    21,
    26,
    31,
    36,
    41,
    46,
    51,
    56,
    61,
    66,
    71,
    76,
    81,
    86,
    91,
    96,
    101,
    106,
    111,
    116,
    121,
    126,
    131,
    136,
    141,
    146
  ],
  "target_start": 6,
  "tau_mean": 0.512208637258513,
  "var_corr_mean": 0.9356913201628794,
  "var_corr_median": 0.9495989884237496,
  "z_coherence_by_class": {
    "01 IT-ET Glut": 0.565825238590743,
    "02 NP-CT-L6b Glut": 0.27760724787265223,
    "03 OB-CR Glut": 0.40476241529461854,
    "04 DG-IMN Glut": 0.2685829150198267,
    "05 OB-IMN GABA": 0.42769619245452584,
    "06 CTX-CGE GABA": 0.24551687178024323,
    "07 CTX-MGE GABA": 0.32587126879914985,
    "08 CNU-MGE GABA": 0.24676396203111017,
    "09 CNU-LGE GABA": 0.247327016109802,
    "10 LSX GABA": 0.3404307448026268,
    "11 CNU-HYa GABA": 0.20613384342582441,
    "12 HY GABA": 0.23235810439124266,
    "13 CNU-HYa Glut": 0.20627022838535541,
    "14 HY Glut": 0.1351025995268435,
    "15 HY Gnrh1 Glut": -0.036680270237819904,
    "16 HY MM Glut": 1.0,
    "17 MH-LH Glut": 0.31663423281011416,
    "18 TH Glut": 0.3189351365725048,
    "19 MB Glut": 0.2947199687867691,
    "20 MB GABA": 0.3600370681781824,
    "21 MB Dopa": 0.3378527472773067,
    "22 MB-HB Sero": 0.17893678991152498,
    "23 P Glut": 0.18439478441932639,
    "24 MY Glut": 0.23566769456147363,
    "25 Pineal Glut": 0.2604574558038137,
    "26 P GABA": 0.2875346503172883,
    "27 MY GABA": 0.3032652037899126,
    "28 CB GABA": 0.4960656677919314,
    "29 CB Glut": 0.17380881207090298,
    "30 Astro-Epen": 0.5544949382457067,
    "31 OPC-Oligo": 0.48743295453274815,
    "32 OEC": 0.5746079637444005,
    "33 Vascular": 0.43149792043475443,
    "34 Immune": 0.42848025242994414
  },
  "z_coherence_mean": 0.3218928669145234,
  "z_coherence_median": 0.3444129297293647,
  "z_coherence_n_pairs": 36503,
  "z_regularized_mean_corr_mean": 0.9626158243373081,
  "z_regularized_mean_corr_median": 0.9693622778249861,
  "z_regularized_median_gene_pearson_mean": 0.1397279621031837,
  "z_regularized_median_gene_pearson_median": 0.1390490069365381,
  "z_regularized_median_gene_spearman_mean": 0.12491992312681931,
  "z_regularized_median_gene_spearman_median": 0.13251760110080568,
  "z_regularized_moran_corr_mean": 0.7468857081842124,
  "z_regularized_moran_corr_median": 0.7513565342063995,
  "z_regularized_normalized_z_coherence": 0.5835748836399559,
  "z_regularized_var_corr_mean": 0.9358177124187018,
  "z_regularized_var_corr_median": 0.9496042250737371,
  "z_regularized_z_coherence_by_class": {
    "01 IT-ET Glut": 0.5136871222888028,
    "02 NP-CT-L6b Glut": 0.2823318569083289,
    "03 OB-CR Glut": 0.4047624152946191,
    "04 DG-IMN Glut": 0.30761697304252544,
    "05 OB-IMN GABA": 0.41792968334295977,
    "06 CTX-CGE GABA": 0.24807159919279642,
    "07 CTX-MGE GABA": 0.2736816217789376,
    "08 CNU-MGE GABA": 0.24532164372776638,
    "09 CNU-LGE GABA": 0.21711012025520351,
    "10 LSX GABA": 0.37307652887371856,
    "11 CNU-HYa GABA": 0.20340628066613975,
    "12 HY GABA": 0.20270050502899958,
    "13 CNU-HYa Glut": 0.21026015659250097,
    "14 HY Glut": 0.2538902974436262,
    "15 HY Gnrh1 Glut": -0.10556148445825662,
    "16 HY MM Glut": 1.0,
    "17 MH-LH Glut": 0.2468686898110378,
    "18 TH Glut": 0.34252650057789924,
    "19 MB Glut": 0.32306103659172747,
    "20 MB GABA": 0.35792024697299424,
    "21 MB Dopa": 0.3378527472773068,
    "22 MB-HB Sero": 0.14814354976616656,
    "23 P Glut": 0.25576933497175824,
    "24 MY Glut": 0.19397574596512557,
    "25 Pineal Glut": 0.26045745580381374,
    "26 P GABA": 0.32220203258233915,
    "27 MY GABA": 0.28583537453588537,
    "28 CB GABA": 0.5012680929201265,
    "29 CB Glut": 0.15985449538542462,
    "30 Astro-Epen": 0.554494938245707,
    "31 OPC-Oligo": 0.4874329545327491,
    "32 OEC": 0.5548723659070363,
    "33 Vascular": 0.4314397935673032,
    "34 Immune": 0.42848025242994414
  },
  "z_regularized_z_coherence_mean": 0.318753207631499,
  "z_regularized_z_coherence_median": 0.3408927568731359,
  "z_regularized_z_coherence_n_pairs": 36515,
  "z_regularized_zero_ks_mean": 0.12410105107873869,
  "z_regularized_zero_ks_median": 0.13636363636363635,
  "zero_ks_mean": 0.12416251767164542,
  "zero_ks_median": 0.13636363636363635
}
