{
  "density_gap": 10,
  "density_name": "sparse_gap10",
  "generated_h5ad": "generated.h5ad",
  "label_support_labels": [
    "22 MB-HB Sero"
  ],
  "lower_ref_slice": 51,
  "mean_corr": 0.9726922154125496,
  "median_gene_pearson": 0.16030325301523443,
  "median_gene_spearman": 0.14282863655124906,
  "moran_corr": 0.7869130181442789,
  "n_genes": 1122,
  "n_label_support_records": 1,
  "n_spots": 22963,
  "per_class_metrics_csv": "per_class_metrics.csv",
  "per_gene_metrics_csv": "per_gene_metrics.csv",
  "random_seed": 102031,
  "ref_z_gap": 1.0255437734159703,
  "target_slice": 56,
  "target_z": 4.791846418988289,
  "tau": 0.5023375277552367,
  "upper_ref_slice": 61,
  "var_corr": 0.9379650207708196,
  "z0": 4.276677295245734,
  "z1": 5.302221068661704,
  "zero_ks": 0.1800356506238859
}
