{
  "density_gap": 3,
  "density_name": "dense_gap3",
  "generated_h5ad": "generated.h5ad",
  "label_support_labels": [
    "04 DG-IMN Glut",
    "24 MY Glut"
  ],
  "lower_ref_slice": 34,
  "mean_corr": 0.9917577503418599,
  "median_gene_pearson": 0.18889119550404349,
  "median_gene_spearman": 0.16538070862269885,
  "moran_corr": 0.7723025764283694,
  "n_genes": 1122,
  "n_label_support_records": 2,
  "n_spots": 10401,
  "per_class_metrics_csv": "per_class_metrics.csv",
  "per_gene_metrics_csv": "per_gene_metrics.csv",
  "random_seed": 32036,
  "ref_z_gap": 0.20458066209791603,
  "target_slice": 35,
  "target_z": 2.6581191686244674,
  "tau": 0.49767839100049743,
  "upper_ref_slice": 36,
  "var_corr": 0.97957788275374,
  "z0": 2.55630379388176,
  "z1": 2.760884455979676,
  "zero_ks": 0.12745098039215685
}
