{
  "density_gap": 3,
  "density_name": "dense_gap3",
  "generated_h5ad": "generated_z_regularized.h5ad",
  "label_support_labels": [
    "04 DG-IMN Glut",
    "24 MY Glut"
  ],
  "lower_ref_slice": 34,
  "mean_corr": 0.9917490341821642,
  "median_gene_pearson": 0.1885026975270716,
  "median_gene_spearman": 0.16543450219074704,
  "moran_corr": 0.7718733020581947,
  "n_genes": 1122,
  "n_label_support_records": 2,
  "n_spots": 10401,
  "per_class_metrics_csv": "per_class_metrics_z_regularized.csv",
  "per_gene_metrics_csv": "per_gene_metrics_z_regularized.csv",
  "random_seed": 32036,
  "ref_z_gap": 0.20458066209791603,
  "target_slice": 35,
  "target_z": 2.6581191686244674,
  "tau": 0.49767839100049743,
  "upper_ref_slice": 36,
  "var_corr": 0.9792219456729013,
  "z0": 2.55630379388176,
  "z1": 2.760884455979676,
  "z_regularized": true,
  "zero_ks": 0.1265597147950089
}
