{
  "density_gap": 3,
  "density_name": "dense_gap3",
  "generated_h5ad": "generated_z_regularized.h5ad",
  "label_support_labels": [],
  "lower_ref_slice": 103,
  "mean_corr": 0.9736497104474223,
  "median_gene_pearson": 0.20115227082360676,
  "median_gene_spearman": 0.17471031809712703,
  "moran_corr": 0.8066751021158337,
  "n_genes": 1122,
  "n_label_support_records": 0,
  "n_spots": 30012,
  "per_class_metrics_csv": "per_class_metrics_z_regularized.csv",
  "per_gene_metrics_csv": "per_gene_metrics_z_regularized.csv",
  "random_seed": 32059,
  "ref_z_gap": 0.20273380848416878,
  "target_slice": 104,
  "target_z": 9.105147497678178,
  "tau": 0.5026980217992886,
  "upper_ref_slice": 105,
  "var_corr": 0.9648403487782857,
  "z0": 9.00323361320135,
  "z1": 9.20596742168552,
  "z_regularized": true,
  "zero_ks": 0.2620320855614973
}
