{
  "density_gap": 3,
  "density_name": "dense_gap3",
  "generated_h5ad": "generated.h5ad",
  "label_support_labels": [],
  "lower_ref_slice": 103,
  "mean_corr": 0.9736372089584368,
  "median_gene_pearson": 0.201152270823588,
  "median_gene_spearman": 0.17474300937449938,
  "moran_corr": 0.8066524258662269,
  "n_genes": 1122,
  "n_label_support_records": 0,
  "n_spots": 30012,
  "per_class_metrics_csv": "per_class_metrics.csv",
  "per_gene_metrics_csv": "per_gene_metrics.csv",
  "random_seed": 32059,
  "ref_z_gap": 0.20273380848416878,
  "target_slice": 104,
  "target_z": 9.105147497678178,
  "tau": 0.5026980217992886,
  "upper_ref_slice": 105,
  "var_corr": 0.9646805413695245,
  "z0": 9.00323361320135,
  "z1": 9.20596742168552,
  "zero_ks": 0.2620320855614973
}
