{
  "density_gap": 3,
  "density_name": "dense_gap3",
  "generated_h5ad": "generated.h5ad",
  "label_support_labels": [],
  "lower_ref_slice": 79,
  "mean_corr": 0.9825725420365812,
  "median_gene_pearson": 0.2361427377350457,
  "median_gene_spearman": 0.19666439336875519,
  "moran_corr": 0.8319779214188354,
  "n_genes": 1122,
  "n_label_support_records": 0,
  "n_spots": 37068,
  "per_class_metrics_csv": "per_class_metrics.csv",
  "per_gene_metrics_csv": "per_gene_metrics.csv",
  "random_seed": 32051,
  "ref_z_gap": 0.22276642024979765,
  "target_slice": 80,
  "target_z": 6.757410850582466,
  "tau": 0.44232064741802146,
  "upper_ref_slice": 81,
  "var_corr": 0.9384381732626679,
  "z0": 6.65887666335458,
  "z1": 6.881643083604378,
  "zero_ks": 0.23351158645276293
}
