{
  "density_gap": 3,
  "density_name": "dense_gap3",
  "generated_h5ad": "generated_z_regularized.h5ad",
  "label_support_labels": [],
  "lower_ref_slice": 79,
  "mean_corr": 0.9825920685863799,
  "median_gene_pearson": 0.23628889641096093,
  "median_gene_spearman": 0.19661063621557728,
  "moran_corr": 0.8320936422148958,
  "n_genes": 1122,
  "n_label_support_records": 0,
  "n_spots": 37068,
  "per_class_metrics_csv": "per_class_metrics_z_regularized.csv",
  "per_gene_metrics_csv": "per_gene_metrics_z_regularized.csv",
  "random_seed": 32051,
  "ref_z_gap": 0.22276642024979765,
  "target_slice": 80,
  "target_z": 6.757410850582466,
  "tau": 0.44232064741802146,
  "upper_ref_slice": 81,
  "var_corr": 0.93921063029648,
  "z0": 6.65887666335458,
  "z1": 6.881643083604378,
  "z_regularized": true,
  "zero_ks": 0.23351158645276293
}
