{
  "density_gap": 3,
  "density_name": "dense_gap3",
  "generated_h5ad": "generated.h5ad",
  "label_support_labels": [],
  "lower_ref_slice": 109,
  "mean_corr": 0.9559415280794648,
  "median_gene_pearson": 0.171596892304131,
  "median_gene_spearman": 0.14672829721112224,
  "moran_corr": 0.8263700151995991,
  "n_genes": 1122,
  "n_label_support_records": 0,
  "n_spots": 26202,
  "per_class_metrics_csv": "per_class_metrics.csv",
  "per_gene_metrics_csv": "per_gene_metrics.csv",
  "random_seed": 32061,
  "ref_z_gap": 0.22871508797519446,
  "target_slice": 110,
  "target_z": 9.717768925111692,
  "tau": 0.43201209939939905,
  "upper_ref_slice": 111,
  "var_corr": 0.9070841541808399,
  "z0": 9.61896123979121,
  "z1": 9.847676327766404,
  "zero_ks": 0.3048128342245989
}
