{
  "density_gap": 3,
  "density_name": "dense_gap3",
  "generated_h5ad": "generated_z_regularized.h5ad",
  "label_support_labels": [],
  "lower_ref_slice": 109,
  "mean_corr": 0.9559637349497201,
  "median_gene_pearson": 0.1715937838187654,
  "median_gene_spearman": 0.14672827356646778,
  "moran_corr": 0.8262979841127437,
  "n_genes": 1122,
  "n_label_support_records": 0,
  "n_spots": 26202,
  "per_class_metrics_csv": "per_class_metrics_z_regularized.csv",
  "per_gene_metrics_csv": "per_gene_metrics_z_regularized.csv",
  "random_seed": 32061,
  "ref_z_gap": 0.22871508797519446,
  "target_slice": 110,
  "target_z": 9.717768925111692,
  "tau": 0.43201209939939905,
  "upper_ref_slice": 111,
  "var_corr": 0.9069928247275906,
  "z0": 9.61896123979121,
  "z1": 9.847676327766404,
  "z_regularized": true,
  "zero_ks": 0.3048128342245989
}
