{
  "density_gap": 3,
  "density_name": "dense_gap3",
  "generated_h5ad": "generated.h5ad",
  "label_support_labels": [
    "07 CTX-MGE GABA",
    "15 HY Gnrh1 Glut",
    "29 CB Glut"
  ],
  "lower_ref_slice": 13,
  "mean_corr": 0.9958277796504504,
  "median_gene_pearson": 0.12382570305636283,
  "median_gene_spearman": 0.1121379445850928,
  "moran_corr": 0.76316344865346,
  "n_genes": 1122,
  "n_label_support_records": 3,
  "n_spots": 11137,
  "per_class_metrics_csv": "per_class_metrics.csv",
  "per_gene_metrics_csv": "per_gene_metrics.csv",
  "random_seed": 32029,
  "ref_z_gap": 0.1428537083991429,
  "target_slice": 14,
  "target_z": 0.8315371239389605,
  "tau": 0.497469981800062,
  "upper_ref_slice": 15,
  "var_corr": 0.9914137338464369,
  "z0": 0.7604716922215675,
  "z1": 0.9033254006207104,
  "zero_ks": 0.13101604278074866
}
