{
  "density_gap": 5,
  "density_name": "medium_gap5",
  "generated_h5ad": "generated_z_regularized.h5ad",
  "label_support_labels": [
    "04 DG-IMN Glut"
  ],
  "lower_ref_slice": 124,
  "mean_corr": 0.9876486082623848,
  "median_gene_pearson": 0.07661326534577163,
  "median_gene_spearman": 0.06861205743754706,
  "moran_corr": 0.7620182492712505,
  "n_genes": 1122,
  "n_label_support_records": 1,
  "n_spots": 20175,
  "per_class_metrics_csv": "per_class_metrics_z_regularized.csv",
  "per_gene_metrics_csv": "per_gene_metrics_z_regularized.csv",
  "random_seed": 52050,
  "ref_z_gap": 0.3333031386801881,
  "target_slice": 126,
  "target_z": 11.067791421558011,
  "tau": 0.48264868284102,
  "upper_ref_slice": 128,
  "var_corr": 0.9496042250737371,
  "z0": 10.90692310068724,
  "z1": 11.240226239367429,
  "z_regularized": true,
  "zero_ks": 0.058823529411764705
}
