{
  "density_gap": 3,
  "density_name": "dense_gap3",
  "generated_h5ad": "generated_z_regularized.h5ad",
  "label_support_labels": [
    "32 OEC"
  ],
  "lower_ref_slice": 88,
  "mean_corr": 0.9663345351228393,
  "median_gene_pearson": 0.24885782382298166,
  "median_gene_spearman": 0.20756338535798036,
  "moran_corr": 0.752151253058239,
  "n_genes": 1122,
  "n_label_support_records": 1,
  "n_spots": 28552,
  "per_class_metrics_csv": "per_class_metrics_z_regularized.csv",
  "per_gene_metrics_csv": "per_gene_metrics_z_regularized.csv",
  "random_seed": 32054,
  "ref_z_gap": 0.22570579501606236,
  "target_slice": 89,
  "target_z": 7.829530186905023,
  "tau": 0.5500457096619901,
  "upper_ref_slice": 90,
  "var_corr": 0.9195195751504373,
  "z0": 7.705381682710589,
  "z1": 7.931087477726652,
  "z_regularized": true,
  "zero_ks": 0.062388591800356503
}
