{
  "density_gap": 3,
  "density_name": "dense_gap3",
  "generated_h5ad": "generated_z_regularized.h5ad",
  "label_support_labels": [
    "10 LSX GABA"
  ],
  "lower_ref_slice": 115,
  "mean_corr": 0.9636598132640538,
  "median_gene_pearson": 0.13173894474193806,
  "median_gene_spearman": 0.11401259412542572,
  "moran_corr": 0.7685454865666227,
  "n_genes": 1122,
  "n_label_support_records": 1,
  "n_spots": 19003,
  "per_class_metrics_csv": "per_class_metrics_z_regularized.csv",
  "per_gene_metrics_csv": "per_gene_metrics_z_regularized.csv",
  "random_seed": 32063,
  "ref_z_gap": 0.1644390850757791,
  "target_slice": 116,
  "target_z": 10.354266571312971,
  "tau": 0.561120819188757,
  "upper_ref_slice": 117,
  "var_corr": 0.9275779466006386,
  "z0": 10.2619963771886,
  "z1": 10.42643546226438,
  "z_regularized": true,
  "zero_ks": 0.22638146167557932
}
