{
  "density_gap": 5,
  "density_name": "medium_gap5",
  "generated_h5ad": "generated.h5ad",
  "label_support_labels": [
    "14 HY Glut"
  ],
  "lower_ref_slice": 29,
  "mean_corr": 0.9719315480612954,
  "median_gene_pearson": 0.15036543178776987,
  "median_gene_spearman": 0.1407960953756448,
  "moran_corr": 0.8330844132931478,
  "n_genes": 1122,
  "n_label_support_records": 1,
  "n_spots": 10732,
  "per_class_metrics_csv": "per_class_metrics.csv",
  "per_gene_metrics_csv": "per_gene_metrics.csv",
  "random_seed": 52031,
  "ref_z_gap": 0.3160002901176595,
  "target_slice": 31,
  "target_z": 2.2700640329181714,
  "tau": 0.42015755918988495,
  "upper_ref_slice": 33,
  "var_corr": 0.9264644047825604,
  "z0": 2.13729412231904,
  "z1": 2.4532944124366995,
  "zero_ks": 0.17557932263814616
}
