{
  "density_gap": 5,
  "density_name": "medium_gap5",
  "generated_h5ad": "generated_z_regularized.h5ad",
  "label_support_labels": [
    "14 HY Glut"
  ],
  "lower_ref_slice": 29,
  "mean_corr": 0.9718827335445281,
  "median_gene_pearson": 0.15034161238719765,
  "median_gene_spearman": 0.14114262048434204,
  "moran_corr": 0.8333317262693102,
  "n_genes": 1122,
  "n_label_support_records": 1,
  "n_spots": 10732,
  "per_class_metrics_csv": "per_class_metrics_z_regularized.csv",
  "per_gene_metrics_csv": "per_gene_metrics_z_regularized.csv",
  "random_seed": 52031,
  "ref_z_gap": 0.3160002901176595,
  "target_slice": 31,
  "target_z": 2.2700640329181714,
  "tau": 0.42015755918988495,
  "upper_ref_slice": 33,
  "var_corr": 0.9254501664235102,
  "z0": 2.13729412231904,
  "z1": 2.4532944124366995,
  "z_regularized": true,
  "zero_ks": 0.1746880570409982
}
