{
  "density_gap": 3,
  "density_name": "dense_gap3",
  "generated_h5ad": "generated_z_regularized.h5ad",
  "label_support_labels": [],
  "lower_ref_slice": 91,
  "mean_corr": 0.9825388151065189,
  "median_gene_pearson": 0.21941895545512355,
  "median_gene_spearman": 0.18367651646419805,
  "moran_corr": 0.8059107705344388,
  "n_genes": 1122,
  "n_label_support_records": 0,
  "n_spots": 30741,
  "per_class_metrics_csv": "per_class_metrics_z_regularized.csv",
  "per_gene_metrics_csv": "per_gene_metrics_z_regularized.csv",
  "random_seed": 32055,
  "ref_z_gap": 0.17783962224026872,
  "target_slice": 92,
  "target_z": 8.10849157920948,
  "tau": 0.5644726402811311,
  "upper_ref_slice": 93,
  "var_corr": 0.9409372312223208,
  "z0": 8.008105978096916,
  "z1": 8.185945600337185,
  "z_regularized": true,
  "zero_ks": 0.1836007130124777
}
