{
  "density_gap": 3,
  "density_name": "dense_gap3",
  "generated_h5ad": "generated.h5ad",
  "label_support_labels": [],
  "lower_ref_slice": 91,
  "mean_corr": 0.9824573195278785,
  "median_gene_pearson": 0.21944156412992258,
  "median_gene_spearman": 0.18367877656369247,
  "moran_corr": 0.8064612892235237,
  "n_genes": 1122,
  "n_label_support_records": 0,
  "n_spots": 30741,
  "per_class_metrics_csv": "per_class_metrics.csv",
  "per_gene_metrics_csv": "per_gene_metrics.csv",
  "random_seed": 32055,
  "ref_z_gap": 0.17783962224026872,
  "target_slice": 92,
  "target_z": 8.10849157920948,
  "tau": 0.5644726402811311,
  "upper_ref_slice": 93,
  "var_corr": 0.9396431967867838,
  "z0": 8.008105978096916,
  "z1": 8.185945600337185,
  "zero_ks": 0.1836007130124777
}
