{
  "density_gap": 3,
  "density_name": "dense_gap3",
  "generated_h5ad": "generated_z_regularized.h5ad",
  "label_support_labels": [],
  "lower_ref_slice": 73,
  "mean_corr": 0.8253364529122745,
  "median_gene_pearson": 0.13695845120459396,
  "median_gene_spearman": 0.1203964529204036,
  "moran_corr": 0.7558420306308047,
  "n_genes": 1122,
  "n_label_support_records": 0,
  "n_spots": 27487,
  "per_class_metrics_csv": "per_class_metrics_z_regularized.csv",
  "per_gene_metrics_csv": "per_gene_metrics_z_regularized.csv",
  "random_seed": 32049,
  "ref_z_gap": 0.21820687244056103,
  "target_slice": 74,
  "target_z": 6.272687784632539,
  "tau": 0.3320115055537411,
  "upper_ref_slice": 76,
  "var_corr": 0.7500118746575304,
  "z0": 6.200240592391375,
  "z1": 6.418447464831936,
  "z_regularized": true,
  "zero_ks": 0.20499108734402852
}
