{
  "density_gap": 5,
  "density_name": "medium_gap5",
  "generated_h5ad": "generated.h5ad",
  "label_support_labels": [
    "16 HY MM Glut"
  ],
  "lower_ref_slice": 79,
  "mean_corr": 0.9464472023147998,
  "median_gene_pearson": 0.16485457906924475,
  "median_gene_spearman": 0.14984131729981645,
  "moran_corr": 0.7341006994154411,
  "n_genes": 1122,
  "n_label_support_records": 1,
  "n_spots": 30439,
  "per_class_metrics_csv": "per_class_metrics.csv",
  "per_gene_metrics_csv": "per_gene_metrics.csv",
  "random_seed": 52041,
  "ref_z_gap": 0.464273628216886,
  "target_slice": 81,
  "target_z": 6.881643083604378,
  "tau": 0.47981708783539184,
  "upper_ref_slice": 83,
  "var_corr": 0.9472554437486234,
  "z0": 6.65887666335458,
  "z1": 7.123150291571466,
  "zero_ks": 0.0962566844919786
}
