{
  "density_gap": 5,
  "density_name": "medium_gap5",
  "generated_h5ad": "generated_z_regularized.h5ad",
  "label_support_labels": [],
  "lower_ref_slice": 129,
  "mean_corr": 0.9170163948246848,
  "median_gene_pearson": 0.08637977506546979,
  "median_gene_spearman": 0.07576668616271162,
  "moran_corr": 0.6573722699589697,
  "n_genes": 1122,
  "n_label_support_records": 0,
  "n_spots": 16997,
  "per_class_metrics_csv": "per_class_metrics_z_regularized.csv",
  "per_gene_metrics_csv": "per_gene_metrics_z_regularized.csv",
  "random_seed": 52051,
  "ref_z_gap": 0.39550236479138867,
  "target_slice": 131,
  "target_z": 11.533454649051524,
  "tau": 0.48218501853110673,
  "upper_ref_slice": 133,
  "var_corr": 0.8787683108171447,
  "z0": 11.342749333955492,
  "z1": 11.73825169874688,
  "z_regularized": true,
  "zero_ks": 0.13636363636363635
}
