{
  "density_gap": 3,
  "density_name": "dense_gap3",
  "generated_h5ad": "generated_z_regularized.h5ad",
  "label_support_labels": [
    "15 HY Gnrh1 Glut",
    "20 MB GABA",
    "25 Pineal Glut"
  ],
  "lower_ref_slice": 67,
  "mean_corr": 0.9896218675933346,
  "median_gene_pearson": 0.19277866967610324,
  "median_gene_spearman": 0.16444464867791178,
  "moran_corr": 0.8508326750939963,
  "n_genes": 1122,
  "n_label_support_records": 3,
  "n_spots": 28530,
  "per_class_metrics_csv": "per_class_metrics_z_regularized.csv",
  "per_gene_metrics_csv": "per_gene_metrics_z_regularized.csv",
  "random_seed": 32047,
  "ref_z_gap": 0.15557630064106398,
  "target_slice": 68,
  "target_z": 5.929325985384948,
  "tau": 0.6599501978291429,
  "upper_ref_slice": 69,
  "var_corr": 0.9917516552135421,
  "z0": 5.826653374999352,
  "z1": 5.982229675640416,
  "z_regularized": true,
  "zero_ks": 0.16844919786096257
}
