{
  "density_gap": 5,
  "density_name": "medium_gap5",
  "generated_h5ad": "generated.h5ad",
  "label_support_labels": [],
  "lower_ref_slice": 109,
  "mean_corr": 0.967749666823785,
  "median_gene_pearson": 0.11872818227832077,
  "median_gene_spearman": 0.10634807031453493,
  "moran_corr": 0.7194491822978588,
  "n_genes": 1122,
  "n_label_support_records": 0,
  "n_spots": 20936,
  "per_class_metrics_csv": "per_class_metrics.csv",
  "per_gene_metrics_csv": "per_gene_metrics.csv",
  "random_seed": 52047,
  "ref_z_gap": 0.43009666572596394,
  "target_slice": 111,
  "target_z": 9.847676327766404,
  "tau": 0.5317760080495957,
  "upper_ref_slice": 113,
  "var_corr": 0.9445997960072154,
  "z0": 9.61896123979121,
  "z1": 10.049057905517174,
  "zero_ks": 0.05614973262032086
}
