{
  "density_gap": 5,
  "density_name": "medium_gap5",
  "generated_h5ad": "generated.h5ad",
  "label_support_labels": [],
  "lower_ref_slice": 119,
  "mean_corr": 0.9479055977114159,
  "median_gene_pearson": 0.09623388332079907,
  "median_gene_spearman": 0.08222760186309239,
  "moran_corr": 0.770613511895295,
  "n_genes": 1122,
  "n_label_support_records": 0,
  "n_spots": 18805,
  "per_class_metrics_csv": "per_class_metrics.csv",
  "per_gene_metrics_csv": "per_gene_metrics.csv",
  "random_seed": 52049,
  "ref_z_gap": 0.2727156461639222,
  "target_slice": 121,
  "target_z": 10.702504977376009,
  "tau": 0.49714708825229365,
  "upper_ref_slice": 123,
  "var_corr": 0.8502899460386991,
  "z0": 10.566925187964772,
  "z1": 10.839640834128694,
  "zero_ks": 0.19875222816399288
}
