{
  "density_gap": 3,
  "density_name": "dense_gap3",
  "generated_h5ad": "generated.h5ad",
  "label_support_labels": [],
  "lower_ref_slice": 142,
  "mean_corr": 0.9493328511715289,
  "median_gene_pearson": 0.08158521685379844,
  "median_gene_spearman": 0.07606393141171441,
  "moran_corr": 0.7587620262461267,
  "n_genes": 1122,
  "n_label_support_records": 0,
  "n_spots": 12372,
  "per_class_metrics_csv": "per_class_metrics.csv",
  "per_gene_metrics_csv": "per_gene_metrics.csv",
  "random_seed": 32072,
  "ref_z_gap": 0.20000000000000107,
  "target_slice": 143,
  "target_z": 12.757739820419143,
  "tau": 0.49999999999999556,
  "upper_ref_slice": 144,
  "var_corr": 0.8857013284594236,
  "z0": 12.657739820419144,
  "z1": 12.857739820419145,
  "zero_ks": 0.0748663101604278
}
