{
  "density_gap": 5,
  "density_name": "medium_gap5",
  "generated_h5ad": "generated_z_regularized.h5ad",
  "label_support_labels": [
    "15 HY Gnrh1 Glut"
  ],
  "lower_ref_slice": 84,
  "mean_corr": 0.8903925551131898,
  "median_gene_pearson": 0.18124850526441239,
  "median_gene_spearman": 0.15811766719801915,
  "moran_corr": 0.6905511729312045,
  "n_genes": 1122,
  "n_label_support_records": 1,
  "n_spots": 30109,
  "per_class_metrics_csv": "per_class_metrics_z_regularized.csv",
  "per_gene_metrics_csv": "per_gene_metrics_z_regularized.csv",
  "random_seed": 52042,
  "ref_z_gap": 0.46346310058936346,
  "target_slice": 86,
  "target_z": 7.463723138174608,
  "tau": 0.47858083150810415,
  "upper_ref_slice": 88,
  "var_corr": 0.8788994726391973,
  "z0": 7.241918582121226,
  "z1": 7.705381682710589,
  "z_regularized": true,
  "zero_ks": 0.06417112299465241
}
