{
  "density_gap": 10,
  "density_name": "sparse_gap10",
  "generated_h5ad": "generated_z_regularized.h5ad",
  "label_support_labels": [],
  "lower_ref_slice": 1,
  "mean_corr": 0.9549825918126533,
  "median_gene_pearson": 0.05627850388934205,
  "median_gene_spearman": 0.058732600474034516,
  "moran_corr": 0.6099941459763352,
  "n_genes": 1122,
  "n_label_support_records": 0,
  "n_spots": 10442,
  "per_class_metrics_csv": "per_class_metrics_z_regularized.csv",
  "per_gene_metrics_csv": "per_gene_metrics_z_regularized.csv",
  "random_seed": 102026,
  "ref_z_gap": 0.6198209509757062,
  "target_slice": 6,
  "target_z": 0.2,
  "tau": 0.32267382973286907,
  "upper_ref_slice": 11,
  "var_corr": 0.939263397116008,
  "z0": 0.0,
  "z1": 0.6198209509757062,
  "z_regularized": true,
  "zero_ks": 0.11319073083778966
}
