{
  "density_gap": 5,
  "density_name": "medium_gap5",
  "generated_h5ad": "generated.h5ad",
  "label_support_labels": [],
  "lower_ref_slice": 59,
  "mean_corr": 0.9532083628172038,
  "median_gene_pearson": 0.1780882426454727,
  "median_gene_spearman": 0.1517795975344761,
  "moran_corr": 0.7891262648829716,
  "n_genes": 1122,
  "n_label_support_records": 0,
  "n_spots": 27215,
  "per_class_metrics_csv": "per_class_metrics.csv",
  "per_gene_metrics_csv": "per_gene_metrics.csv",
  "random_seed": 52037,
  "ref_z_gap": 0.374699897070049,
  "target_slice": 61,
  "target_z": 5.302221068661704,
  "tau": 0.5033357569676302,
  "upper_ref_slice": 63,
  "var_corr": 0.8935530889674196,
  "z0": 5.113621212334258,
  "z1": 5.488321109404307,
  "zero_ks": 0.13903743315508021
}
