{
  "density_gap": 5,
  "density_name": "medium_gap5",
  "generated_h5ad": "generated.h5ad",
  "label_support_labels": [],
  "lower_ref_slice": 54,
  "mean_corr": 0.9862526981048919,
  "median_gene_pearson": 0.192700271008231,
  "median_gene_spearman": 0.16275504457346268,
  "moran_corr": 0.785984941596255,
  "n_genes": 1122,
  "n_label_support_records": 0,
  "n_spots": 22963,
  "per_class_metrics_csv": "per_class_metrics.csv",
  "per_gene_metrics_csv": "per_gene_metrics.csv",
  "random_seed": 52036,
  "ref_z_gap": 0.4236383466669178,
  "target_slice": 56,
  "target_z": 4.791846418988289,
  "tau": 0.4944263190520693,
  "upper_ref_slice": 58,
  "var_corr": 0.9737322237875785,
  "z0": 4.58238847063646,
  "z1": 5.006026817303378,
  "zero_ks": 0.1711229946524064
}
