{
  "density_gap": 5,
  "density_name": "medium_gap5",
  "generated_h5ad": "generated.h5ad",
  "label_support_labels": [
    "23 P Glut"
  ],
  "lower_ref_slice": 74,
  "mean_corr": 0.8975128500428563,
  "median_gene_pearson": 0.20277525330882504,
  "median_gene_spearman": 0.17192354749082306,
  "moran_corr": 0.729975162206422,
  "n_genes": 1122,
  "n_label_support_records": 1,
  "n_spots": 27848,
  "per_class_metrics_csv": "per_class_metrics.csv",
  "per_gene_metrics_csv": "per_gene_metrics.csv",
  "random_seed": 52040,
  "ref_z_gap": 0.29082456950749513,
  "target_slice": 76,
  "target_z": 6.418447464831936,
  "tau": 0.5011945189027116,
  "upper_ref_slice": 78,
  "var_corr": 0.8235338027534242,
  "z0": 6.272687784632539,
  "z1": 6.563512354140034,
  "zero_ks": 0.05525846702317291
}
