{
  "density_gap": 3,
  "density_name": "dense_gap3",
  "generated_h5ad": "generated_z_regularized.h5ad",
  "label_support_labels": [],
  "lower_ref_slice": 31,
  "mean_corr": 0.9881437069086424,
  "median_gene_pearson": 0.15537118871143013,
  "median_gene_spearman": 0.14580554426623615,
  "moran_corr": 0.8194205159850979,
  "n_genes": 1122,
  "n_label_support_records": 0,
  "n_spots": 9731,
  "per_class_metrics_csv": "per_class_metrics_z_regularized.csv",
  "per_gene_metrics_csv": "per_gene_metrics_z_regularized.csv",
  "random_seed": 32035,
  "ref_z_gap": 0.18323037951852816,
  "target_slice": 32,
  "target_z": 2.348386946229994,
  "tau": 0.427455935623943,
  "upper_ref_slice": 33,
  "var_corr": 0.955021598991313,
  "z0": 2.2700640329181714,
  "z1": 2.4532944124366995,
  "z_regularized": true,
  "zero_ks": 0.14171122994652408
}
