{
  "density_gap": 5,
  "density_name": "medium_gap5",
  "generated_h5ad": "generated_z_regularized.h5ad",
  "label_support_labels": [
    "20 MB GABA"
  ],
  "lower_ref_slice": 9,
  "mean_corr": 0.9804770862374198,
  "median_gene_pearson": 0.07346018700760756,
  "median_gene_spearman": 0.06932599548445939,
  "moran_corr": 0.7741443107179085,
  "n_genes": 1122,
  "n_label_support_records": 1,
  "n_spots": 7644,
  "per_class_metrics_csv": "per_class_metrics_z_regularized.csv",
  "per_gene_metrics_csv": "per_gene_metrics_z_regularized.csv",
  "random_seed": 52027,
  "ref_z_gap": 0.2604716922215675,
  "target_slice": 11,
  "target_z": 0.6198209509757062,
  "tau": 0.4600152513839461,
  "upper_ref_slice": 13,
  "var_corr": 0.9712858554327012,
  "z0": 0.5,
  "z1": 0.7604716922215675,
  "z_regularized": true,
  "zero_ks": 0.1408199643493761
}
