{
  "density_gap": 3,
  "density_name": "dense_gap3",
  "generated_h5ad": "generated_z_regularized.h5ad",
  "label_support_labels": [
    "12 HY GABA"
  ],
  "lower_ref_slice": 100,
  "mean_corr": 0.9723382982232114,
  "median_gene_pearson": 0.17039949575906882,
  "median_gene_spearman": 0.1509588163166447,
  "moran_corr": 0.7136453408366304,
  "n_genes": 1122,
  "n_label_support_records": 1,
  "n_spots": 25528,
  "per_class_metrics_csv": "per_class_metrics_z_regularized.csv",
  "per_gene_metrics_csv": "per_gene_metrics_z_regularized.csv",
  "random_seed": 32058,
  "ref_z_gap": 0.15073408599765692,
  "target_slice": 101,
  "target_z": 8.854363135565341,
  "tau": 0.499806699404801,
  "upper_ref_slice": 102,
  "var_corr": 0.9511582822565389,
  "z0": 8.779025229555053,
  "z1": 8.92975931555271,
  "z_regularized": true,
  "zero_ks": 0.062388591800356503
}
