{
  "density_gap": 3,
  "density_name": "dense_gap3",
  "generated_h5ad": "generated_z_regularized.h5ad",
  "label_support_labels": [],
  "lower_ref_slice": 46,
  "mean_corr": 0.983285202645657,
  "median_gene_pearson": 0.19878388487708976,
  "median_gene_spearman": 0.17011267677677233,
  "moran_corr": 0.8160272615816226,
  "n_genes": 1122,
  "n_label_support_records": 0,
  "n_spots": 20888,
  "per_class_metrics_csv": "per_class_metrics_z_regularized.csv",
  "per_gene_metrics_csv": "per_gene_metrics_z_regularized.csv",
  "random_seed": 32040,
  "ref_z_gap": 0.19472557139907876,
  "target_slice": 47,
  "target_z": 3.882708780757101,
  "tau": 0.5056888832363562,
  "upper_ref_slice": 48,
  "var_corr": 0.9787092391671395,
  "z0": 3.7842382240187393,
  "z1": 3.978963795417818,
  "z_regularized": true,
  "zero_ks": 0.13101604278074866
}
