{
  "density_gap": 3,
  "density_name": "dense_gap3",
  "generated_h5ad": "generated.h5ad",
  "label_support_labels": [],
  "lower_ref_slice": 46,
  "mean_corr": 0.9832967114961353,
  "median_gene_pearson": 0.19852898548620004,
  "median_gene_spearman": 0.17022069012223567,
  "moran_corr": 0.8153149691809968,
  "n_genes": 1122,
  "n_label_support_records": 0,
  "n_spots": 20888,
  "per_class_metrics_csv": "per_class_metrics.csv",
  "per_gene_metrics_csv": "per_gene_metrics.csv",
  "random_seed": 32040,
  "ref_z_gap": 0.19472557139907876,
  "target_slice": 47,
  "target_z": 3.882708780757101,
  "tau": 0.5056888832363562,
  "upper_ref_slice": 48,
  "var_corr": 0.9792839607747307,
  "z0": 3.7842382240187393,
  "z1": 3.978963795417818,
  "zero_ks": 0.1319073083778966
}
