{
  "density_gap": 5,
  "density_name": "medium_gap5",
  "generated_h5ad": "generated.h5ad",
  "label_support_labels": [
    "12 HY GABA",
    "25 Pineal Glut"
  ],
  "lower_ref_slice": 44,
  "mean_corr": 0.9820950487676733,
  "median_gene_pearson": 0.18707029318568064,
  "median_gene_spearman": 0.16615728577219005,
  "moran_corr": 0.8067328628442884,
  "n_genes": 1122,
  "n_label_support_records": 2,
  "n_spots": 21795,
  "per_class_metrics_csv": "per_class_metrics.csv",
  "per_gene_metrics_csv": "per_gene_metrics.csv",
  "random_seed": 52034,
  "ref_z_gap": 0.38752385875419826,
  "target_slice": 46,
  "target_z": 3.7842382240187393,
  "tau": 0.4975133349851606,
  "upper_ref_slice": 48,
  "var_corr": 0.9616021596674922,
  "z0": 3.59143993666362,
  "z1": 3.978963795417818,
  "zero_ks": 0.16042780748663102
}
