{
  "density_gap": 5,
  "density_name": "medium_gap5",
  "generated_h5ad": "generated.h5ad",
  "label_support_labels": [
    "32 OEC"
  ],
  "lower_ref_slice": 39,
  "mean_corr": 0.9627691250762099,
  "median_gene_pearson": 0.12932348389259482,
  "median_gene_spearman": 0.11657735918941203,
  "moran_corr": 0.7067360154399005,
  "n_genes": 1122,
  "n_label_support_records": 1,
  "n_spots": 12473,
  "per_class_metrics_csv": "per_class_metrics.csv",
  "per_gene_metrics_csv": "per_gene_metrics.csv",
  "random_seed": 52033,
  "ref_z_gap": 0.45010193506527285,
  "target_slice": 41,
  "target_z": 3.294805636610366,
  "tau": 0.5061618591672044,
  "upper_ref_slice": 43,
  "var_corr": 0.9907742352499134,
  "z0": 3.066981204342971,
  "z1": 3.517083139408244,
  "zero_ks": 0.16488413547237077
}
