{
  "density_gap": 5,
  "density_name": "medium_gap5",
  "generated_h5ad": "generated_z_regularized.h5ad",
  "label_support_labels": [],
  "lower_ref_slice": 69,
  "mean_corr": 0.9486233605683515,
  "median_gene_pearson": 0.10182321436067954,
  "median_gene_spearman": 0.09463953868087813,
  "moran_corr": 0.724291329688782,
  "n_genes": 1122,
  "n_label_support_records": 0,
  "n_spots": 26292,
  "per_class_metrics_csv": "per_class_metrics_z_regularized.csv",
  "per_gene_metrics_csv": "per_gene_metrics_z_regularized.csv",
  "random_seed": 52039,
  "ref_z_gap": 0.21801091675095918,
  "target_slice": 71,
  "target_z": 6.104251618282508,
  "tau": 0.5597056535544139,
  "upper_ref_slice": 73,
  "var_corr": 0.9751301426649734,
  "z0": 5.982229675640416,
  "z1": 6.200240592391375,
  "z_regularized": true,
  "zero_ks": 0.13368983957219252
}
