{
  "density_gap": 3,
  "density_name": "dense_gap3",
  "generated_h5ad": "generated_z_regularized.h5ad",
  "label_support_labels": [
    "01 IT-ET Glut",
    "20 MB GABA"
  ],
  "lower_ref_slice": 145,
  "mean_corr": 0.9813168431657614,
  "median_gene_pearson": 0.06923198409200361,
  "median_gene_spearman": 0.06786030939601873,
  "moran_corr": 0.7718788518796541,
  "n_genes": 1122,
  "n_label_support_records": 2,
  "n_spots": 14027,
  "per_class_metrics_csv": "per_class_metrics_z_regularized.csv",
  "per_gene_metrics_csv": "per_gene_metrics_z_regularized.csv",
  "random_seed": 32073,
  "ref_z_gap": 0.1999999999999993,
  "target_slice": 146,
  "target_z": 13.057739820419144,
  "tau": 0.5,
  "upper_ref_slice": 147,
  "var_corr": 0.9303268236649748,
  "z0": 12.957739820419144,
  "z1": 13.157739820419144,
  "z_regularized": true,
  "zero_ks": 0.19696969696969696
}
