{
  "density_gap": 3,
  "density_name": "dense_gap3",
  "generated_h5ad": "generated.h5ad",
  "label_support_labels": [
    "01 IT-ET Glut",
    "20 MB GABA"
  ],
  "lower_ref_slice": 145,
  "mean_corr": 0.9813139981400636,
  "median_gene_pearson": 0.06923198409200174,
  "median_gene_spearman": 0.06786030939601873,
  "moran_corr": 0.7716778795203418,
  "n_genes": 1122,
  "n_label_support_records": 2,
  "n_spots": 14027,
  "per_class_metrics_csv": "per_class_metrics.csv",
  "per_gene_metrics_csv": "per_gene_metrics.csv",
  "random_seed": 32073,
  "ref_z_gap": 0.1999999999999993,
  "target_slice": 146,
  "target_z": 13.057739820419144,
  "tau": 0.5,
  "upper_ref_slice": 147,
  "var_corr": 0.9303604301297992,
  "z0": 12.957739820419144,
  "z1": 13.157739820419144,
  "zero_ks": 0.19607843137254902
}
