{
  "density_gap": 10,
  "density_name": "sparse_gap10",
  "generated_h5ad": "generated.h5ad",
  "label_support_labels": [
    "04 DG-IMN Glut",
    "14 HY Glut"
  ],
  "lower_ref_slice": 121,
  "mean_corr": 0.9881526425765252,
  "median_gene_pearson": 0.06019782730105561,
  "median_gene_spearman": 0.05792093217992864,
  "moran_corr": 0.7767778971985674,
  "n_genes": 1122,
  "n_label_support_records": 2,
  "n_spots": 20175,
  "per_class_metrics_csv": "per_class_metrics.csv",
  "per_gene_metrics_csv": "per_gene_metrics.csv",
  "random_seed": 102038,
  "ref_z_gap": 0.8309496716755156,
  "target_slice": 126,
  "target_z": 11.067791421558011,
  "tau": 0.43960116555006745,
  "upper_ref_slice": 131,
  "var_corr": 0.9591925541272078,
  "z0": 10.702504977376009,
  "z1": 11.533454649051524,
  "zero_ks": 0.13458110516934046
}
