{
  "density_gap": 5,
  "density_name": "medium_gap5",
  "generated_h5ad": "generated.h5ad",
  "label_support_labels": [
    "01 IT-ET Glut",
    "11 CNU-HYa GABA"
  ],
  "lower_ref_slice": 144,
  "mean_corr": 0.9700134049420938,
  "median_gene_pearson": 0.08414162138310687,
  "median_gene_spearman": 0.0786833590674584,
  "moran_corr": 0.7872774863421867,
  "n_genes": 1122,
  "n_label_support_records": 2,
  "n_spots": 14027,
  "per_class_metrics_csv": "per_class_metrics.csv",
  "per_gene_metrics_csv": "per_gene_metrics.csv",
  "random_seed": 52054,
  "ref_z_gap": 0.399999999999995,
  "target_slice": 146,
  "target_z": 13.057739820419144,
  "tau": 0.5000000000000044,
  "upper_ref_slice": 148,
  "var_corr": 0.9759337614390701,
  "z0": 12.857739820419145,
  "z1": 13.25773982041914,
  "zero_ks": 0.15418894830659535
}
