{
  "density_gap": 3,
  "density_name": "dense_gap3",
  "generated_h5ad": "generated.h5ad",
  "label_support_labels": [],
  "lower_ref_slice": 43,
  "mean_corr": 0.9698623667700161,
  "median_gene_pearson": 0.14439032071939847,
  "median_gene_spearman": 0.1330554095793281,
  "moran_corr": 0.7923981729320576,
  "n_genes": 1122,
  "n_label_support_records": 0,
  "n_spots": 17587,
  "per_class_metrics_csv": "per_class_metrics.csv",
  "per_gene_metrics_csv": "per_gene_metrics.csv",
  "random_seed": 32039,
  "ref_z_gap": 0.1706435044333814,
  "target_slice": 44,
  "target_z": 3.59143993666362,
  "tau": 0.4357434963743635,
  "upper_ref_slice": 45,
  "var_corr": 0.8744705863089005,
  "z0": 3.517083139408244,
  "z1": 3.6877266438416254,
  "zero_ks": 0.1746880570409982
}
