{
  "density_gap": 3,
  "density_name": "dense_gap3",
  "generated_h5ad": "generated_z_regularized.h5ad",
  "label_support_labels": [],
  "lower_ref_slice": 43,
  "mean_corr": 0.9699593583575826,
  "median_gene_pearson": 0.14421894606193905,
  "median_gene_spearman": 0.13297941942273647,
  "moran_corr": 0.7926027247476608,
  "n_genes": 1122,
  "n_label_support_records": 0,
  "n_spots": 17587,
  "per_class_metrics_csv": "per_class_metrics_z_regularized.csv",
  "per_gene_metrics_csv": "per_gene_metrics_z_regularized.csv",
  "random_seed": 32039,
  "ref_z_gap": 0.1706435044333814,
  "target_slice": 44,
  "target_z": 3.59143993666362,
  "tau": 0.4357434963743635,
  "upper_ref_slice": 45,
  "var_corr": 0.8813789810149739,
  "z0": 3.517083139408244,
  "z1": 3.6877266438416254,
  "z_regularized": true,
  "zero_ks": 0.1746880570409982
}
