{
  "density_gap": 3,
  "density_name": "dense_gap3",
  "generated_h5ad": "generated.h5ad",
  "label_support_labels": [],
  "lower_ref_slice": 82,
  "mean_corr": 0.8661201689941412,
  "median_gene_pearson": 0.17206999024364486,
  "median_gene_spearman": 0.15110389030366111,
  "moran_corr": 0.7246847813629019,
  "n_genes": 1122,
  "n_label_support_records": 0,
  "n_spots": 30500,
  "per_class_metrics_csv": "per_class_metrics.csv",
  "per_gene_metrics_csv": "per_gene_metrics.csv",
  "random_seed": 32052,
  "ref_z_gap": 0.2381877196281197,
  "target_slice": 83,
  "target_z": 7.123150291571466,
  "tau": 0.5013668599909709,
  "upper_ref_slice": 84,
  "var_corr": 0.8172792322860247,
  "z0": 7.003730862493106,
  "z1": 7.241918582121226,
  "zero_ks": 0.06327985739750445
}
