{
  "density_gap": 3,
  "density_name": "dense_gap3",
  "generated_h5ad": "generated_z_regularized.h5ad",
  "label_support_labels": [],
  "lower_ref_slice": 19,
  "mean_corr": 0.9828194551604754,
  "median_gene_pearson": 0.09120772220532067,
  "median_gene_spearman": 0.09198982331610545,
  "moran_corr": 0.7570833172861807,
  "n_genes": 1122,
  "n_label_support_records": 0,
  "n_spots": 11869,
  "per_class_metrics_csv": "per_class_metrics_z_regularized.csv",
  "per_gene_metrics_csv": "per_gene_metrics_z_regularized.csv",
  "random_seed": 32031,
  "ref_z_gap": 0.14499967739416708,
  "target_slice": 20,
  "target_z": 1.267426870587095,
  "tau": 0.506896222287726,
  "upper_ref_slice": 21,
  "var_corr": 0.9826332617929575,
  "z0": 1.1939270818830527,
  "z1": 1.3389267592772198,
  "z_regularized": true,
  "zero_ks": 0.2103386809269162
}
