{
  "density_gap": 3,
  "density_name": "dense_gap3",
  "generated_h5ad": "generated.h5ad",
  "label_support_labels": [],
  "lower_ref_slice": 19,
  "mean_corr": 0.9823665034147547,
  "median_gene_pearson": 0.09214232103330326,
  "median_gene_spearman": 0.0918331731311025,
  "moran_corr": 0.757489508405647,
  "n_genes": 1122,
  "n_label_support_records": 0,
  "n_spots": 11869,
  "per_class_metrics_csv": "per_class_metrics.csv",
  "per_gene_metrics_csv": "per_gene_metrics.csv",
  "random_seed": 32031,
  "ref_z_gap": 0.14499967739416708,
  "target_slice": 20,
  "target_z": 1.267426870587095,
  "tau": 0.506896222287726,
  "upper_ref_slice": 21,
  "var_corr": 0.9813526936272836,
  "z0": 1.1939270818830527,
  "z1": 1.3389267592772198,
  "zero_ks": 0.2103386809269162
}
