{
  "density_gap": 10,
  "density_name": "sparse_gap10",
  "generated_h5ad": "generated.h5ad",
  "label_support_labels": [
    "20 MB GABA",
    "27 MY GABA",
    "28 CB GABA"
  ],
  "lower_ref_slice": 61,
  "mean_corr": 0.9600822994540553,
  "median_gene_pearson": 0.1269212314279567,
  "median_gene_spearman": 0.11814016235253952,
  "moran_corr": 0.7410507461792686,
  "n_genes": 1122,
  "n_label_support_records": 3,
  "n_spots": 26940,
  "per_class_metrics_csv": "per_class_metrics.csv",
  "per_gene_metrics_csv": "per_gene_metrics.csv",
  "random_seed": 102032,
  "ref_z_gap": 0.8020305496208042,
  "target_slice": 66,
  "target_z": 5.752391808790593,
  "tau": 0.561288769289059,
  "upper_ref_slice": 71,
  "var_corr": 0.9540226321556252,
  "z0": 5.302221068661704,
  "z1": 6.104251618282508,
  "zero_ks": 0.24955436720142601
}
