{
  "density_gap": 3,
  "density_name": "dense_gap3",
  "generated_h5ad": "generated_z_regularized.h5ad",
  "label_support_labels": [],
  "lower_ref_slice": 121,
  "mean_corr": 0.9580822853293756,
  "median_gene_pearson": 0.1328750717465536,
  "median_gene_spearman": 0.11300754196529367,
  "moran_corr": 0.8041090208481767,
  "n_genes": 1122,
  "n_label_support_records": 0,
  "n_spots": 25396,
  "per_class_metrics_csv": "per_class_metrics_z_regularized.csv",
  "per_gene_metrics_csv": "per_gene_metrics_z_regularized.csv",
  "random_seed": 32065,
  "ref_z_gap": 0.13713585675268547,
  "target_slice": 122,
  "target_z": 10.770815386865484,
  "tau": 0.49812216226328304,
  "upper_ref_slice": 123,
  "var_corr": 0.9102471266563913,
  "z0": 10.702504977376009,
  "z1": 10.839640834128694,
  "z_regularized": true,
  "zero_ks": 0.2629233511586453
}
