{
  "density_gap": 3,
  "density_name": "dense_gap3",
  "generated_h5ad": "generated.h5ad",
  "label_support_labels": [],
  "lower_ref_slice": 121,
  "mean_corr": 0.9569933135283359,
  "median_gene_pearson": 0.1336610729659074,
  "median_gene_spearman": 0.11300391544435623,
  "moran_corr": 0.8058373125588821,
  "n_genes": 1122,
  "n_label_support_records": 0,
  "n_spots": 25396,
  "per_class_metrics_csv": "per_class_metrics.csv",
  "per_gene_metrics_csv": "per_gene_metrics.csv",
  "random_seed": 32065,
  "ref_z_gap": 0.13713585675268547,
  "target_slice": 122,
  "target_z": 10.770815386865484,
  "tau": 0.49812216226328304,
  "upper_ref_slice": 123,
  "var_corr": 0.907251653703794,
  "z0": 10.702504977376009,
  "z1": 10.839640834128694,
  "zero_ks": 0.2629233511586453
}
