{
  "density_gap": 3,
  "density_name": "dense_gap3",
  "generated_h5ad": "generated.h5ad",
  "label_support_labels": [
    "24 MY Glut",
    "26 P GABA"
  ],
  "lower_ref_slice": 70,
  "mean_corr": 0.868719579419644,
  "median_gene_pearson": 0.13925232048398622,
  "median_gene_spearman": 0.12165515931981988,
  "moran_corr": 0.637912448352389,
  "n_genes": 1122,
  "n_label_support_records": 2,
  "n_spots": 26292,
  "per_class_metrics_csv": "per_class_metrics.csv",
  "per_gene_metrics_csv": "per_gene_metrics.csv",
  "random_seed": 32048,
  "ref_z_gap": 0.1211915712311038,
  "target_slice": 71,
  "target_z": 6.104251618282508,
  "tau": 0.6119147168977804,
  "upper_ref_slice": 72,
  "var_corr": 0.8544502348021348,
  "z0": 6.03009271228223,
  "z1": 6.151284283513334,
  "zero_ks": 0.0855614973262032
}
