{
  "density_gap": 10,
  "density_name": "sparse_gap10",
  "generated_h5ad": "generated_z_regularized.h5ad",
  "label_support_labels": [
    "15 HY Gnrh1 Glut",
    "24 MY Glut",
    "32 OEC"
  ],
  "lower_ref_slice": 81,
  "mean_corr": 0.9779289752506641,
  "median_gene_pearson": 0.10587458385247592,
  "median_gene_spearman": 0.10425454005532525,
  "moran_corr": 0.7254346135302808,
  "n_genes": 1122,
  "n_label_support_records": 3,
  "n_spots": 30109,
  "per_class_metrics_csv": "per_class_metrics_z_regularized.csv",
  "per_gene_metrics_csv": "per_gene_metrics_z_regularized.csv",
  "random_seed": 102034,
  "ref_z_gap": 1.126462894492538,
  "target_slice": 86,
  "target_z": 7.463723138174608,
  "tau": 0.5167325594266039,
  "upper_ref_slice": 91,
  "var_corr": 0.9775706338288259,
  "z0": 6.881643083604378,
  "z1": 8.008105978096916,
  "z_regularized": true,
  "zero_ks": 0.21836007130124777
}
