{
  "density_gap": 5,
  "density_name": "medium_gap5",
  "generated_h5ad": "generated_z_regularized.h5ad",
  "label_support_labels": [],
  "lower_ref_slice": 14,
  "mean_corr": 0.9653071344606713,
  "median_gene_pearson": 0.0984912208409213,
  "median_gene_spearman": 0.10180211426822819,
  "moran_corr": 0.7387425688693313,
  "n_genes": 1122,
  "n_label_support_records": 0,
  "n_spots": 9580,
  "per_class_metrics_csv": "per_class_metrics_z_regularized.csv",
  "per_gene_metrics_csv": "per_gene_metrics_z_regularized.csv",
  "random_seed": 52028,
  "ref_z_gap": 0.2915220584118724,
  "target_slice": 16,
  "target_z": 0.9752523511274424,
  "tau": 0.49298234230164506,
  "upper_ref_slice": 18,
  "var_corr": 0.9219273682154079,
  "z0": 0.8315371239389605,
  "z1": 1.123059182350833,
  "z_regularized": true,
  "zero_ks": 0.04723707664884135
}
