{
  "density_gap": 10,
  "density_name": "sparse_gap10",
  "generated_h5ad": "generated.h5ad",
  "label_support_labels": [],
  "lower_ref_slice": 101,
  "mean_corr": 0.9608543186199284,
  "median_gene_pearson": 0.10722121550817053,
  "median_gene_spearman": 0.09930226822430369,
  "moran_corr": 0.7567661908508024,
  "n_genes": 1122,
  "n_label_support_records": 0,
  "n_spots": 27169,
  "per_class_metrics_csv": "per_class_metrics.csv",
  "per_gene_metrics_csv": "per_gene_metrics.csv",
  "random_seed": 102036,
  "ref_z_gap": 0.9933131922010627,
  "target_slice": 106,
  "target_z": 9.307552976701205,
  "tau": 0.45624063456929326,
  "upper_ref_slice": 111,
  "var_corr": 0.9614888345594683,
  "z0": 8.854363135565341,
  "z1": 9.847676327766404,
  "zero_ks": 0.3235294117647059
}
