{
  "density_gap": 10,
  "density_name": "sparse_gap10",
  "generated_h5ad": "generated_z_regularized.h5ad",
  "label_support_labels": [],
  "lower_ref_slice": 101,
  "mean_corr": 0.9608552718362596,
  "median_gene_pearson": 0.1072212155081548,
  "median_gene_spearman": 0.09930226822430369,
  "moran_corr": 0.7567523623330699,
  "n_genes": 1122,
  "n_label_support_records": 0,
  "n_spots": 27169,
  "per_class_metrics_csv": "per_class_metrics_z_regularized.csv",
  "per_gene_metrics_csv": "per_gene_metrics_z_regularized.csv",
  "random_seed": 102036,
  "ref_z_gap": 0.9933131922010627,
  "target_slice": 106,
  "target_z": 9.307552976701205,
  "tau": 0.45624063456929326,
  "upper_ref_slice": 111,
  "var_corr": 0.9614899904974439,
  "z0": 8.854363135565341,
  "z1": 9.847676327766404,
  "z_regularized": true,
  "zero_ks": 0.3235294117647059
}
