{
  "density_gap": 3,
  "density_name": "dense_gap3",
  "generated_h5ad": "generated_z_regularized.h5ad",
  "label_support_labels": [],
  "lower_ref_slice": 97,
  "mean_corr": 0.9647979945174072,
  "median_gene_pearson": 0.18317839317258,
  "median_gene_spearman": 0.16023455549398402,
  "moran_corr": 0.7508646020963001,
  "n_genes": 1122,
  "n_label_support_records": 0,
  "n_spots": 26705,
  "per_class_metrics_csv": "per_class_metrics_z_regularized.csv",
  "per_gene_metrics_csv": "per_gene_metrics_z_regularized.csv",
  "random_seed": 32057,
  "ref_z_gap": 0.1265649295145117,
  "target_slice": 98,
  "target_z": 8.62772561536686,
  "tau": 0.4240403032076486,
  "upper_ref_slice": 99,
  "var_corr": 0.9618939205872314,
  "z0": 8.574056984280071,
  "z1": 8.700621913794583,
  "z_regularized": true,
  "zero_ks": 0.053475935828877004
}
