{
  "density_gap": 3,
  "density_name": "dense_gap3",
  "generated_h5ad": "generated.h5ad",
  "label_support_labels": [],
  "lower_ref_slice": 97,
  "mean_corr": 0.9666239695763974,
  "median_gene_pearson": 0.18312437870812887,
  "median_gene_spearman": 0.1601079951751917,
  "moran_corr": 0.7491297295117125,
  "n_genes": 1122,
  "n_label_support_records": 0,
  "n_spots": 26705,
  "per_class_metrics_csv": "per_class_metrics.csv",
  "per_gene_metrics_csv": "per_gene_metrics.csv",
  "random_seed": 32057,
  "ref_z_gap": 0.1265649295145117,
  "target_slice": 98,
  "target_z": 8.62772561536686,
  "tau": 0.4240403032076486,
  "upper_ref_slice": 99,
  "var_corr": 0.9642455025665598,
  "z0": 8.574056984280071,
  "z1": 8.700621913794583,
  "zero_ks": 0.05258467023172905
}
