{
  "density_gap": 10,
  "density_name": "sparse_gap10",
  "generated_h5ad": "generated.h5ad",
  "label_support_labels": [],
  "lower_ref_slice": 91,
  "mean_corr": 0.9554361969876701,
  "median_gene_pearson": 0.14766748484380415,
  "median_gene_spearman": 0.12684783298509292,
  "moran_corr": 0.7699019590487616,
  "n_genes": 1122,
  "n_label_support_records": 0,
  "n_spots": 28442,
  "per_class_metrics_csv": "per_class_metrics.csv",
  "per_gene_metrics_csv": "per_gene_metrics.csv",
  "random_seed": 102035,
  "ref_z_gap": 0.8462571574684254,
  "target_slice": 96,
  "target_z": 8.469022199413168,
  "tau": 0.5446526711751313,
  "upper_ref_slice": 101,
  "var_corr": 0.9562703418386733,
  "z0": 8.008105978096916,
  "z1": 8.854363135565341,
  "zero_ks": 0.32887700534759357
}
