{
  "density_gap": 3,
  "density_name": "dense_gap3",
  "generated_h5ad": "generated.h5ad",
  "label_support_labels": [
    "15 HY Gnrh1 Glut",
    "24 MY Glut",
    "32 OEC"
  ],
  "lower_ref_slice": 85,
  "mean_corr": 0.908137552028122,
  "median_gene_pearson": 0.19500606612727817,
  "median_gene_spearman": 0.16898528744540364,
  "moran_corr": 0.7229678140201092,
  "n_genes": 1122,
  "n_label_support_records": 3,
  "n_spots": 30109,
  "per_class_metrics_csv": "per_class_metrics.csv",
  "per_gene_metrics_csv": "per_gene_metrics.csv",
  "random_seed": 32053,
  "ref_z_gap": 0.2516867341059319,
  "target_slice": 86,
  "target_z": 7.463723138174608,
  "tau": 0.5255530414776424,
  "upper_ref_slice": 87,
  "var_corr": 0.8847506728967409,
  "z0": 7.3314484095656605,
  "z1": 7.583135143671592,
  "zero_ks": 0.08823529411764706
}
