{
  "density_gap": 3,
  "density_name": "dense_gap3",
  "generated_h5ad": "generated_z_regularized.h5ad",
  "label_support_labels": [
    "28 CB GABA",
    "32 OEC"
  ],
  "lower_ref_slice": 76,
  "mean_corr": 0.9552205872779358,
  "median_gene_pearson": 0.23779680526888763,
  "median_gene_spearman": 0.19777778689549108,
  "moran_corr": 0.795538193846125,
  "n_genes": 1122,
  "n_label_support_records": 2,
  "n_spots": 30864,
  "per_class_metrics_csv": "per_class_metrics_z_regularized.csv",
  "per_gene_metrics_csv": "per_gene_metrics_z_regularized.csv",
  "random_seed": 32050,
  "ref_z_gap": 0.1450648893080979,
  "target_slice": 77,
  "target_z": 6.496263394726392,
  "tau": 0.5364215301552776,
  "upper_ref_slice": 78,
  "var_corr": 0.9133215441753396,
  "z0": 6.418447464831936,
  "z1": 6.563512354140034,
  "z_regularized": true,
  "zero_ks": 0.0374331550802139
}
