{
  "density_gap": 3,
  "density_name": "dense_gap3",
  "generated_h5ad": "generated_z_regularized.h5ad",
  "label_support_labels": [],
  "lower_ref_slice": 130,
  "mean_corr": 0.9368283865624984,
  "median_gene_pearson": 0.09084530529171694,
  "median_gene_spearman": 0.08090785146550569,
  "moran_corr": 0.6485184305008702,
  "n_genes": 1122,
  "n_label_support_records": 0,
  "n_spots": 16997,
  "per_class_metrics_csv": "per_class_metrics_z_regularized.csv",
  "per_gene_metrics_csv": "per_gene_metrics_z_regularized.csv",
  "random_seed": 32068,
  "ref_z_gap": 0.18510810537664035,
  "target_slice": 131,
  "target_z": 11.533454649051524,
  "tau": 0.5045018624638767,
  "upper_ref_slice": 132,
  "var_corr": 0.9027211385297444,
  "z0": 11.44006726513185,
  "z1": 11.62517537050849,
  "z_regularized": true,
  "zero_ks": 0.1443850267379679
}
