{
  "density_gap": 3,
  "density_name": "dense_gap3",
  "generated_h5ad": "generated_z_regularized.h5ad",
  "label_support_labels": [],
  "lower_ref_slice": 64,
  "mean_corr": 0.9020987771072236,
  "median_gene_pearson": 0.11453724817212182,
  "median_gene_spearman": 0.09821833873640452,
  "moran_corr": 0.6238475556003173,
  "n_genes": 1122,
  "n_label_support_records": 0,
  "n_spots": 19805,
  "per_class_metrics_csv": "per_class_metrics_z_regularized.csv",
  "per_gene_metrics_csv": "per_gene_metrics_z_regularized.csv",
  "random_seed": 32046,
  "ref_z_gap": 0.1847367209319044,
  "target_slice": 65,
  "target_z": 5.6477504745482365,
  "tau": 0.43356505563976006,
  "upper_ref_slice": 66,
  "var_corr": 0.9390192746378629,
  "z0": 5.567655087858689,
  "z1": 5.752391808790593,
  "z_regularized": true,
  "zero_ks": 0.2014260249554367
}
