{
  "density_gap": 3,
  "density_name": "dense_gap3",
  "generated_h5ad": "generated_z_regularized.h5ad",
  "label_support_labels": [
    "09 CNU-LGE GABA"
  ],
  "lower_ref_slice": 148,
  "mean_corr": 0.9699736158013706,
  "median_gene_pearson": 0.048943528950152984,
  "median_gene_spearman": 0.04612763997420316,
  "moran_corr": 0.6720329602049718,
  "n_genes": 1122,
  "n_label_support_records": 1,
  "n_spots": 8829,
  "per_class_metrics_csv": "per_class_metrics_z_regularized.csv",
  "per_gene_metrics_csv": "per_gene_metrics_z_regularized.csv",
  "random_seed": 32074,
  "ref_z_gap": 0.20000000000000462,
  "target_slice": 149,
  "target_z": 13.357739820419145,
  "tau": 0.5000000000000133,
  "upper_ref_slice": 150,
  "var_corr": 0.8417044842008091,
  "z0": 13.25773982041914,
  "z1": 13.457739820419144,
  "z_regularized": true,
  "zero_ks": 0.1140819964349376
}
