{
  "density_gap": 3,
  "density_name": "dense_gap3",
  "generated_h5ad": "generated.h5ad",
  "label_support_labels": [],
  "lower_ref_slice": 28,
  "mean_corr": 0.9615792406761599,
  "median_gene_pearson": 0.1859245352610131,
  "median_gene_spearman": 0.16925156723968005,
  "moran_corr": 0.7704091141922438,
  "n_genes": 1122,
  "n_label_support_records": 0,
  "n_spots": 8129,
  "per_class_metrics_csv": "per_class_metrics.csv",
  "per_gene_metrics_csv": "per_gene_metrics.csv",
  "random_seed": 32034,
  "ref_z_gap": 0.10889970056024811,
  "target_slice": 29,
  "target_z": 2.13729412231904,
  "tau": 0.5101189700119276,
  "upper_ref_slice": 30,
  "var_corr": 0.9708414566642548,
  "z0": 2.081742319234639,
  "z1": 2.190642019794887,
  "zero_ks": 0.13636363636363635
}
