{
  "density_gap": 3,
  "density_name": "dense_gap3",
  "generated_h5ad": "generated_z_regularized.h5ad",
  "label_support_labels": [],
  "lower_ref_slice": 28,
  "mean_corr": 0.9617663173217746,
  "median_gene_pearson": 0.1856035893724887,
  "median_gene_spearman": 0.16912532702521216,
  "moran_corr": 0.7722215161422122,
  "n_genes": 1122,
  "n_label_support_records": 0,
  "n_spots": 8129,
  "per_class_metrics_csv": "per_class_metrics_z_regularized.csv",
  "per_gene_metrics_csv": "per_gene_metrics_z_regularized.csv",
  "random_seed": 32034,
  "ref_z_gap": 0.10889970056024811,
  "target_slice": 29,
  "target_z": 2.13729412231904,
  "tau": 0.5101189700119276,
  "upper_ref_slice": 30,
  "var_corr": 0.9719021575608663,
  "z0": 2.081742319234639,
  "z1": 2.190642019794887,
  "z_regularized": true,
  "zero_ks": 0.13636363636363635
}
