{
  "density_gap": 3,
  "density_name": "dense_gap3",
  "generated_h5ad": "generated.h5ad",
  "label_support_labels": [
    "25 Pineal Glut"
  ],
  "lower_ref_slice": 133,
  "mean_corr": 0.9703575367070649,
  "median_gene_pearson": 0.12079600357366407,
  "median_gene_spearman": 0.10220766306068116,
  "moran_corr": 0.7529666816770577,
  "n_genes": 1122,
  "n_label_support_records": 1,
  "n_spots": 19755,
  "per_class_metrics_csv": "per_class_metrics.csv",
  "per_gene_metrics_csv": "per_gene_metrics.csv",
  "random_seed": 32069,
  "ref_z_gap": 0.2649793552130344,
  "target_slice": 134,
  "target_z": 11.869766509587777,
  "tau": 0.49632097087398547,
  "upper_ref_slice": 135,
  "var_corr": 0.9546538027799363,
  "z0": 11.73825169874688,
  "z1": 12.003231053959915,
  "zero_ks": 0.049910873440285206
}
