{
  "density_gap": 5,
  "density_name": "medium_gap5",
  "generated_h5ad": "generated_z_regularized.h5ad",
  "label_support_labels": [],
  "lower_ref_slice": 104,
  "mean_corr": 0.9746027049707555,
  "median_gene_pearson": 0.1945428357370837,
  "median_gene_spearman": 0.1639567708815346,
  "moran_corr": 0.7888757280540725,
  "n_genes": 1122,
  "n_label_support_records": 0,
  "n_spots": 27169,
  "per_class_metrics_csv": "per_class_metrics_z_regularized.csv",
  "per_gene_metrics_csv": "per_gene_metrics_z_regularized.csv",
  "random_seed": 52046,
  "ref_z_gap": 0.4213256970710848,
  "target_slice": 106,
  "target_z": 9.307552976701205,
  "tau": 0.48040145766109554,
  "upper_ref_slice": 108,
  "var_corr": 0.9583477336793754,
  "z0": 9.105147497678178,
  "z1": 9.526473194749263,
  "z_regularized": true,
  "zero_ks": 0.14260249554367202
}
